customer_id,customer_name,segment,sales,profit,orders,avg_order_value
SM-203204,Sean Miller,Home Office,25042,-1980.7393000000002,5,5008.4
TC-209804,Tamara Chand,Corporate,19050,8981.323900000001,5,3810.0
CS-118451,Cari Sayre,Corporate,16655,2995.5816,11,1514.090909090909
SP-209202,Susan Pistek,Consumer,16566,4974.513,12,1380.5
VG-218051,Vivek Grady,Corporate,15654,2748.1878,7,2236.285714285714
RB-193604,Raymond Buch,Consumer,15117,6976.0959,6,2519.5
PF-191201,Peter Fuller,Consumer,15063,968.2724999999999,8,1882.875
TA-213854,Tom Ashbrook,Home Office,14596,4703.7883,4,3649.0
BF-110051,Barry Franz,Home Office,14563,2272.4889000000003,9,1618.111111111111
AB-101054,Adrian Barton,Consumer,14476,5444.8054999999995,10,1447.6
EM-139601,Eric Murdock,Consumer,14324,2056.6482,16,895.25
KL-166454,Ken Lonsdale,Consumer,14175,806.855,12,1181.25
SC-200954,Sanjit Chand,Consumer,14145,5757.411899999999,9,1571.6666666666667
BN-114701,Brad Norvell,Corporate,13672,1268.1828,10,1367.2
CS-121751,Charles Sheldon,Corporate,13516,2492.5263,17,795.0588235294117
FH-143653,Fred Hopkins,Corporate,13328,1105.24752,7,1904.0
JS-160301,Joy Smith,Consumer,13219,-0.1107000000000653,14,944.2142857142857
DL-133152,Delfina Latchford,Consumer,13191,2243.4645,9,1465.6666666666667
PO-188652,Patrick O'Donnell,Consumer,13056,3778.197,10,1305.6
CR-126251,Corey Roper,Home Office,13043,921.2484,12,1086.9166666666667
HL-150404,Hunter Lopez,Consumer,12875,5622.4292000000005,6,2145.8333333333335
BW-111101,Bart Watters,Corporate,12267,315.3345,12,1022.25
RO-197801,Rose O'Brian,Consumer,12210,1517.3145,10,1221.0
SE-201104,Sanjit Engle,Consumer,12209,2650.6769,11,1109.909090909091
CC-123704,Christopher Conant,Consumer,12128,2177.0492999999997,5,2425.6
TS-213704,Todd Sumrall,Corporate,11891,2371.7144,6,1981.8333333333333
DP-131051,Dave Poirier,Corporate,11883,2220.339,6,1980.5
ZC-219102,Zuschuss Carroll,Consumer,11854,-464.51099999999985,11,1077.6363636363637
DP-131651,David Philippe,Consumer,11836,1981.1435999999999,7,1690.857142857143
GT-147104,Greg Tran,Consumer,11821,2163.4269,11,1074.6363636363637
BM-111404,Becky Martin,Consumer,11791,-1659.9580999999998,4,2947.75
JH-158202,John Huston,Consumer,11729,2860.1025,9,1303.2222222222222
AM-107051,Anne McFarland,Consumer,11719,-250.28850000000003,10,1171.9
PB-192101,Phillip Breyer,Corporate,11654,1365.5586,8,1456.75
CA-119651,Carol Adams,Corporate,11653,3220.0505999999996,7,1664.7142857142858
NH-186101,Nicole Hansen,Corporate,11557,2514.2282999999998,9,1284.111111111111
MR-175452,Mathew Reese,Home Office,11500,1440.0255,8,1437.5
CA-127751,Cynthia Arntzen,Consumer,11493,4045.8779999999997,5,2298.6
NC-186251,Noah Childs,Corporate,11491,2110.5660000000003,15,766.0666666666667
BE-114551,Brad Eason,Home Office,11483,-149.45969999999994,9,1275.888888888889
SV-203654,Seth Vernon,Consumer,11472,1199.4242,10,1147.2
GT-147102,Greg Tran,Consumer,11430,1111.008,6,1905.0
CM-118302,Cari MacIntyre,Corporate,11303,1844.3235,11,1027.5454545454545
CJ-120104,Caroline Jumper,Consumer,11165,858.7414000000001,8,1395.625
DJ-134202,Denny Joy,Corporate,11158,1245.522,11,1014.3636363636364
JG-158051,John Grady,Corporate,11116,1769.9802,12,926.3333333333334
TS-215051,Tony Sayre,Consumer,10964,2288.3271,10,1096.4
DR-129401,Daniel Raglin,Home Office,10943,1573.6779,11,994.8181818181819
JK-153251,Jason Klamczynski,Corporate,10908,1686.6029999999998,13,839.0769230769231
FW-143951,Fred Wasserman,Corporate,10897,588.2751,6,1816.1666666666667
CL-125654,Clay Ludtke,Consumer,10881,1933.7831,12,906.75
SC-206951,Steve Chapman,Corporate,10871,1032.3714,12,905.9166666666666
JK-160901,Juliana Krohn,Consumer,10861,1897.8612,10,1086.1
VT-217001,Valerie Takahito,Home Office,10839,736.0296,13,833.7692307692307
AF-108701,Art Ferguson,Consumer,10793,-411.6255,14,770.9285714285714
PL-189251,Paul Lucas,Home Office,10789,1784.8686,9,1198.7777777777778
CD-122801,Christina DeMoss,Consumer,10763,1260.7191,7,1537.5714285714287
BE-113351,Bill Eplett,Home Office,10731,3112.923,9,1192.3333333333333
JF-151901,Jamie Frazer,Consumer,10692,2813.2965000000004,10,1069.2
ME-173204,Maria Etezadi,Home Office,10665,1859.4695,10,1066.5
AB-100151,Aaron Bergman,Consumer,10662,1772.7075,9,1184.6666666666667
KF-162854,Karen Ferguson,Home Office,10606,1660.1386,7,1515.142857142857
EM-141401,Eugene Moren,Home Office,10563,1930.6089,9,1173.6666666666667
BS-113654,Bill Shonely,Corporate,10502,2616.0644,5,2100.4
HD-147851,Harold Dahlen,Home Office,10484,2700.2832,7,1497.7142857142858
HG-148452,Harry Greene,Consumer,10466,-1698.8655,6,1744.3333333333333
BV-112452,Benjamin Venier,Corporate,10437,2761.272,10,1043.7
BM-117851,Bryan Mills,Consumer,10399,932.0589,14,742.7857142857143
BW-111102,Bart Watters,Corporate,10394,1686.2219999999998,10,1039.4
EH-137654,Edward Hooks,Corporate,10313,1393.5154,12,859.4166666666666
HG-149651,Henry Goldwyn,Corporate,10262,459.67380000000014,14,733.0
SW-207551,Steven Ward,Corporate,10187,865.716,8,1273.375
DK-130901,Dave Kipp,Consumer,10186,1396.1412,18,565.8888888888889
CL-127001,Craig Leslie,Home Office,10184,1242.4878,9,1131.5555555555557
MC-176353,Matthew Clasen,Corporate,10126,2117.876,13,778.9230769230769
CD-127902,Cynthia Delaney,Home Office,10120,1290.3645000000001,13,778.4615384615385
NG-184301,Nathan Gelder,Consumer,10114,1534.9743,10,1011.4
RB-193601,Raymond Buch,Consumer,10106,510.0816,8,1263.25
HM-148602,Harry Marie,Corporate,9940,2385.4049999999997,11,903.6363636363636
DB-130601,Dave Brooks,Consumer,9904,1955.5527000000002,7,1414.857142857143
EB-138402,Ellis Ballard,Corporate,9895,3459.66,10,989.5
JE-157151,Joe Elijah,Consumer,9856,1605.4749,12,821.3333333333334
Dp-132401,Dean percer,Home Office,9845,2203.695,6,1640.8333333333333
JL-158354,John Lee,Consumer,9799,228.9069999999999,11,890.8181818181819
MP-181751,Mike Pelletier,Home Office,9796,-526.3766999999999,13,753.5384615384615
AS-102251,Alan Schoenberger,Corporate,9773,1572.6507000000001,10,977.3
DL-133301,Denise Leinenbach,Consumer,9729,1816.8419999999999,10,972.9
TA-213851,Tom Ashbrook,Home Office,9717,-199.16100000000006,6,1619.5
JB-160002,Joy Bell-,Consumer,9689,2754.18,10,968.9
MD-173503,Maribeth Dona,Consumer,9657,1730.67152,13,742.8461538461538
NF-183852,Natalie Fritzler,Consumer,9656,260.0954999999999,13,742.7692307692307
KH-163301,Katharine Harms,Corporate,9625,2249.4501,11,875.0
MF-182502,Monica Federle,Corporate,9618,1444.281,13,739.8461538461538
MD-178601,Michael Dominguez,Corporate,9590,1235.5551,9,1065.5555555555557
KD-164951,Keith Dawkins,Corporate,9576,711.4416,10,957.6
NZ-185651,Nick Zandusky,Home Office,9544,546.5999999999999,8,1193.0
CC-123701,Christopher Conant,Consumer,9524,656.0754000000001,12,793.6666666666666
MG-181452,Mike Gockenbach,Consumer,9501,3144.444,4,2375.25
MV-181901,Mike Vittorini,Consumer,9480,1131.549,8,1185.0
RB-197953,Ross Baird,Home Office,9463,2142.98884,14,675.9285714285714
SE-201102,Sanjit Engle,Consumer,9380,2139.399,11,852.7272727272727
GT-146354,Grant Thornton,Corporate,9351,-4108.6589,3,3117.0
MO-178001,Meg O'Connel,Home Office,9347,2126.9358,7,1335.2857142857142
JG-151602,James Galang,Consumer,9340,2718.726,5,1868.0
HW-149354,Helen Wasserman,Corporate,9299,2164.1611,8,1162.375
CJ-118751,Carl Jackson,Corporate,9269,1623.2813999999998,11,842.6363636363636
CA-122652,Christina Anderson,Consumer,9234,1505.3925,6,1539.0
SP-206201,Stefania Perrino,Corporate,9224,1482.5217,8,1153.0
SC-203051,Sean Christensen,Consumer,9218,452.664,6,1536.3333333333333
PO-191801,Philisse Overcash,Home Office,9211,1461.2925,7,1315.857142857143
AD-101801,Alan Dominguez,Home Office,9209,-25.877699999999965,8,1151.125
AB-101502,Aimee Bixby,Consumer,9139,1009.5120000000001,6,1523.1666666666667
TB-214004,Tom Boeckenhauer,Consumer,9134,2798.3689,7,1304.857142857143
JC-153401,Jasper Cacioppo,Consumer,9111,1195.0026,9,1012.3333333333334
DO-134351,Denny Ordway,Consumer,9101,3056.292,8,1137.625
PF-191204,Peter Fuller,Consumer,9065,-614.2943,4,2266.25
AP-109151,Arthur Prichep,Consumer,9049,1413.6258,9,1005.4444444444445
AP-107201,Anne Pryor,Home Office,9040,1631.8227,7,1291.4285714285713
TB-214001,Tom Boeckenhauer,Consumer,9033,1019.8620000000001,7,1290.4285714285713
MG-176801,Maureen Gastineau,Home Office,9028,1144.6821,13,694.4615384615385
DV-130453,Darrin Van Huff,Corporate,9018,-134.02108,8,1127.25
MY-182951,Muhammed Yedwab,Corporate,8991,390.3705,6,1498.5
BW-10651,Barry Weirich,Consumer,8957,3333.0600000000004,4,2239.25
CM-123854,Christopher Martinez,Consumer,8953,3899.8903999999998,4,2238.25
AM-103602,Alice McCarthy,Corporate,8940,2375.502,11,812.7272727272727
SB-201701,Sarah Bern,Consumer,8934,2421.8745,7,1276.2857142857142
SC-206801,Steve Carroll,Home Office,8915,858.6419999999999,9,990.5555555555555
CM-121601,Charles McCrossin,Consumer,8870,715.1253,8,1108.75
BT-116801,Brian Thompson,Consumer,8849,1969.7931,10,884.9
TS-216101,Troy Staebel,Consumer,8829,1042.056,6,1471.5
JD-161504,Justin Deggeller,Corporate,8829,1619.5199,8,1103.625
TC-212952,Toby Carlisle,Consumer,8818,-155.29349999999994,10,881.8
JM-152651,Janet Molinari,Corporate,8818,1206.7197,11,801.6363636363636
HL-150401,Hunter Lopez,Consumer,8802,1042.0089,6,1467.0
PP-189551,Paul Prost,Home Office,8800,837.8616,8,1100.0
NM-184451,Nathan Mautz,Home Office,8764,1340.0859,11,796.7272727272727
JF-155652,Jill Fjeld,Consumer,8700,1471.737,12,725.0
JE-157154,Joe Elijah,Consumer,8696,1262.2926,10,869.6
LB-167353,Larry Blacks,Consumer,8694,651.48432,14,621.0
LA-167804,Laura Armstrong,Corporate,8674,2059.1199,11,788.5454545454545
RB-193302,Randy Bradley,Consumer,8650,2864.601,12,720.8333333333334
PK-190754,Pete Kriz,Consumer,8646,2038.2676000000001,12,720.5
CR-127301,Craig Reiter,Consumer,8626,1294.8473999999999,10,862.6
LB-167952,Laurel Beltran,Home Office,8613,2892.717,6,1435.5
JJ-157602,Joel Jenkins,Home Office,8606,399.6479999999999,13,662.0
TB-211901,Thomas Brumley,Home Office,8577,1706.8104,5,1715.4
HJ-148751,Heather Jas,Home Office,8541,885.7407000000001,13,657.0
YC-218952,Yoseph Carroll,Corporate,8531,1556.4585,14,609.3571428571429
PJ-188352,Patrick Jones,Corporate,8509,3986.004,3,2836.3333333333335
LB-167951,Laurel Beltran,Home Office,8487,1517.9205,9,943.0
GZ-144702,Gary Zandusky,Consumer,8432,1355.5394999999999,8,1054.0
LR-169152,Lena Radford,Consumer,8429,1143.3690000000001,8,1053.625
JB-154002,Jennifer Braxton,Corporate,8395,1598.8274999999999,13,645.7692307692307
CS-124601,Chuck Sachs,Consumer,8390,922.2774,7,1198.5714285714287
JH-161802,Justin Hirsh,Consumer,8370,1258.77,12,697.5
ON-187152,Odella Nelson,Corporate,8368,2732.0370000000003,11,760.7272727272727
SV-208151,Stuart Van,Corporate,8359,537.762,7,1194.142857142857
DR-129404,Daniel Raglin,Home Office,8352,2869.076,8,1044.0
AF-108851,Art Foster,Consumer,8347,1099.395,10,834.7
JC-153402,Jasper Cacioppo,Consumer,8333,-1046.937,11,757.5454545454545
NF-183854,Natalie Fritzler,Consumer,8321,-1695.9714000000001,7,1188.7142857142858
PG-188201,Patrick Gardner,Consumer,8315,1133.8896,11,755.9090909090909
JL-152351,Janet Lee,Consumer,8290,2067.96,7,1184.2857142857142
KD-162704,Karen Daniels,Consumer,8282,1107.6952,5,1656.4
TC-211451,Theresa Coyne,Corporate,8279,499.8429,11,752.6363636363636
KB-165851,Ken Black,Corporate,8274,551.8050000000001,6,1379.0
NC-185354,Nick Crebassa,Corporate,8240,1314.758,7,1177.142857142857
HM-148604,Harry Marie,Corporate,8236,2437.9836,10,823.6
TC-211453,Theresa Coyne,Corporate,8194,1023.80416,9,910.4444444444445
KN-164501,Kean Nguyen,Corporate,8187,1638.1341,10,818.7
KD-164954,Keith Dawkins,Corporate,8184,3038.6254,12,682.0
PS-190451,Penelope Sewall,Home Office,8178,504.9819,7,1168.2857142857142
SV-209351,Susan Vittorini,Consumer,8174,414.03150000000005,10,817.4
JM-152501,Janet Martin,Consumer,8163,1108.0743,8,1020.375
JK-157301,Joe Kamberova,Consumer,8134,622.992,8,1016.75
BS-113801,Bill Stewart,Corporate,8133,342.1545,6,1355.5
GB-145301,George Bell,Corporate,8129,803.7090000000001,7,1161.2857142857142
Dl-136001,Dorris liebe,Corporate,8124,1199.6664,8,1015.5
JW-160752,Julia West,Consumer,8113,1732.7115,7,1159.0
LD-168552,Lela Donovan,Corporate,8109,1194.249,9,901.0
RD-195852,Rob Dowd,Consumer,8108,1185.8519999999999,9,900.8888888888889
DB-134051,Denny Blanton,Consumer,8105,1347.5244,8,1013.125
LA-167801,Laura Armstrong,Corporate,8091,474.4389,12,674.25
SC-202301,Scot Coram,Corporate,8083,1355.559,10,808.3
SB-202904,Sean Braxton,Corporate,8057,-2082.7451,7,1151.0
ZC-219104,Zuschuss Carroll,Consumer,8028,-1032.1490000000003,13,617.5384615384615
GW-146051,Giulietta Weimer,Consumer,8000,844.515,9,888.8888888888889
MG-178901,Michael Granlund,Home Office,7964,-559.2741000000001,8,995.5
RA-192852,Ralph Arnett,Consumer,7958,1934.301,8,994.75
JH-159854,Joseph Holt,Consumer,7955,-644.6981999999999,6,1325.8333333333333
ER-138552,Elpida Rittenbach,Corporate,7927,2899.8059999999996,4,1981.75
JF-152952,Jason Fortune-,Consumer,7907,1174.5,8,988.375
NP-187004,Nora Preis,Consumer,7904,631.2282,7,1129.142857142857
JL-151302,Jack Lebron,Consumer,7903,727.413,8,987.875
AH-106904,Anna Häberlin,Corporate,7889,1298.0166000000002,12,657.4166666666666
DB-130602,Dave Brooks,Consumer,7873,894.903,8,984.125
KD-162701,Karen Daniels,Consumer,7873,1197.843,9,874.7777777777778
MM-172601,Magdelene Morse,Consumer,7869,1784.2050000000002,10,786.9
LT-71101,Liz Thompson,Consumer,7853,1676.094,4,1963.25
TZ-214453,Tom Zandusky,Corporate,7853,-654.8965999999999,15,523.5333333333333
JG-158052,John Grady,Corporate,7843,1132.35,15,522.8666666666667
JW-152201,Jane Waco,Corporate,7827,1036.2153000000003,11,711.5454545454545
SS-204102,Shahid Shariari,Consumer,7809,251.904,5,1561.8
AF-108702,Art Ferguson,Consumer,7808,-172.30200000000002,6,1301.3333333333333
RA-199153,Russell Applegate,Consumer,7801,1147.75232,8,975.125
PO-91951,Phillina Ober,Home Office,7799,1124.16,4,1949.75
CM-121151,Chad McGuire,Consumer,7791,495.3369,7,1113.0
RE-194051,Ricardo Emerson,Consumer,7787,1171.0281,10,778.7
BH-117103,Brosina Hoffman,Consumer,7779,-82.2672,13,598.3846153846154
MS-177702,Maxwell Schwartz,Consumer,7757,2795.88,11,705.1818181818181
JE-156104,Jim Epp,Corporate,7757,1623.4019,7,1108.142857142857
AB-100604,Adam Bellavance,Home Office,7757,2054.5885,8,969.625
EM-142001,Evan Minnotte,Home Office,7725,1667.7975,7,1103.5714285714287
JW-152204,Jane Waco,Corporate,7722,2173.7093999999997,6,1287.0
AR-108252,Anthony Rawles,Corporate,7720,1978.17,15,514.6666666666666
RK-193003,Ralph Kennedy,Consumer,7683,-1835.97292,13,591.0
MG-182051,Mitch Gastineau,Corporate,7669,1107.672,7,1095.5714285714287
LC-168854,Lena Creighton,Consumer,7662,1288.3469,12,638.5
KW-164352,Katrina Willman,Consumer,7658,1101.72,10,765.8
CR-127303,Craig Reiter,Consumer,7637,-18.994640000000075,7,1091.0
NC-183401,Nat Carroll,Consumer,7627,-2263.2381,10,762.7
JM-158654,John Murray,Consumer,7624,1574.6163999999999,7,1089.142857142857
BE-114102,Bobby Elias,Consumer,7623,1821.6870000000001,7,1089.0
GH-144251,Gary Hwang,Consumer,7621,1788.1875,9,846.7777777777778
GG-146502,Greg Guthrie,Corporate,7619,1318.704,10,761.9
AC-104501,Amy Cox,Consumer,7610,2310.4524,5,1522.0
JD-158954,Jonathan Doherty,Corporate,7609,1050.2667999999999,11,691.7272727272727
BP-111552,Becky Pak,Consumer,7590,1971.921,7,1084.2857142857142
CD-119201,Carlos Daly,Consumer,7581,3107.5914,5,1516.2
MC-176351,Matthew Clasen,Corporate,7576,1329.5607,10,757.6
SH-99752,Sally Hughsby,Corporate,7537,1199.25,6,1256.1666666666667
TP-211301,Theone Pippenger,Consumer,7533,-966.2004000000001,10,753.3
MB-173051,Maria Bertelson,Consumer,7524,1895.5944000000002,4,1881.0
SZ-200351,Sam Zeldin,Home Office,7512,1892.2350000000001,11,682.9090909090909
EH-141252,Eugene Hildebrand,Home Office,7494,1334.6924999999999,8,936.75
PO-188504,Patrick O'Brill,Consumer,7475,38.47569999999998,11,679.5454545454545
MC-175751,Matt Collins,Consumer,7467,30.233100000000064,9,829.6666666666666
AG-104952,Andrew Gjertsen,Corporate,7461,1669.5525,11,678.2727272727273
KT-164653,Kean Takahito,Consumer,7450,-417.148,11,677.2727272727273
ZC-219101,Zuschuss Carroll,Consumer,7448,1901.2377,7,1064.0
AS-106301,Ann Steele,Home Office,7447,2496.0405,6,1241.1666666666667
MS-173654,Maribeth Schnelling,Consumer,7445,844.9354999999999,10,744.5
BG-110352,Barry Gonzalez,Consumer,7445,747.36,6,1240.8333333333333
JH-159101,Jonathan Howell,Consumer,7444,1019.5467,12,620.3333333333334
DP-131652,David Philippe,Consumer,7444,-306.219,9,827.1111111111111
ST-205303,Shui Tom,Consumer,7436,1439.96636,10,743.6
MM-179202,Michael Moore,Consumer,7421,-508.4789999999999,7,1060.142857142857
AH-102102,Alan Hwang,Consumer,7417,1478.2785000000001,11,674.2727272727273
CD-119202,Carlos Daly,Consumer,7413,1273.314,9,823.6666666666666
CW-119052,Carl Weiss,Home Office,7410,1956.3509999999999,8,926.25
RB-194651,Rick Bensley,Home Office,7408,1058.628,9,823.1111111111111
GM-144401,Gary McGarr,Consumer,7407,1240.3769999999997,9,823.0
RW-195404,Rick Wilson,Corporate,7400,1586.6273,7,1057.142857142857
JJ-157601,Joel Jenkins,Home Office,7400,1166.139,8,925.0
CB-125352,Claudia Bergmann,Corporate,7379,618.5745,8,922.375
ML-182652,Muhammed Lee,Consumer,7379,731.181,9,819.8888888888889
GH-144852,Gene Hale,Corporate,7376,741.378,9,819.5555555555555
KN-163902,Katherine Nockton,Corporate,7376,2729.577,5,1475.2
FO-143052,Frank Olsen,Consumer,7365,1542.9869999999999,13,566.5384615384615
KC-166752,Kimberly Carter,Corporate,7362,1941.867,8,920.25
NF-183851,Natalie Fritzler,Consumer,7362,1941.96,10,736.2
RF-198402,Roy Französisch,Consumer,7357,1701.606,7,1051.0
JW-160751,Julia West,Consumer,7352,118.5885,9,816.8888888888889
DM-129551,Dario Medina,Corporate,7348,856.0536,7,1049.7142857142858
JS-156851,Jim Sink,Corporate,7329,744.8205,7,1047.0
IM-150702,Irene Maddox,Consumer,7327,-795.0390000000001,9,814.1111111111111
DW-131951,David Wiener,Corporate,7327,1517.2821000000001,13,563.6153846153846
DC-132852,Debra Catini,Consumer,7308,48.78749999999998,5,1461.6
DM-129553,Dario Medina,Corporate,7304,934.29232,9,811.5555555555555
RR-193151,Ralph Ritter,Consumer,7303,1724.0828999999999,10,730.3
MW-182201,Mitch Webber,Consumer,7302,1523.2023,5,1460.4
SC-200952,Sanjit Chand,Consumer,7301,1572.057,9,811.2222222222222
BM-116504,Brian Moss,Corporate,7293,2199.2781,11,663.0
AH-100751,Adam Hart,Corporate,7291,-928.8675,9,810.1111111111111
PO-188502,Patrick O'Brill,Consumer,7288,1708.3709999999999,12,607.3333333333334
PP-189554,Paul Prost,Home Office,7254,1495.0854,10,725.4
DC-132853,Debra Catini,Consumer,7248,718.1744,11,658.9090909090909
NW-184004,Natalie Webber,Consumer,7233,1023.123,7,1033.2857142857142
EM-138101,Eleni McCrary,Corporate,7229,1091.964,5,1445.8
LT-167651,Larry Tron,Consumer,7225,904.962,10,722.5
PS-190453,Penelope Sewall,Home Office,7221,916.562,8,902.625
MS-179802,Michael Stewart,Corporate,7202,953.5350000000001,6,1200.3333333333333
Dp-132404,Dean percer,Home Office,7199,333.36479999999995,11,654.4545454545455
TS-213403,Toby Swindell,Consumer,7195,879.04588,10,719.5
AB-106001,Ann Blume,Corporate,7148,1608.9561,9,794.2222222222222
JL-158351,John Lee,Consumer,7146,1091.0700000000002,8,893.25
KA-165252,Kelly Andreada,Consumer,7125,-699.2010000000001,9,791.6666666666666
BF-111701,Ben Ferrer,Home Office,7092,986.7042,4,1773.0
BH-117102,Brosina Hoffman,Consumer,7089,1928.6760000000002,6,1181.5
AO-108101,Anthony O'Donnell,Corporate,7085,-88.94939999999988,12,590.4166666666666
FA-142302,Frank Atkinson,Corporate,7077,309.5055,12,589.75
CM-123851,Christopher Martinez,Consumer,7050,-552.6096,11,640.9090909090909
AR-103452,Alex Russell,Corporate,7043,771.624,9,782.5555555555555
AH-102103,Alan Hwang,Consumer,7031,1080.84768,12,585.9166666666666
CK-125951,Clytie Kelty,Consumer,7018,1441.6338,7,1002.5714285714286
CC-124751,Cindy Chapman,Consumer,7015,1447.0911,9,779.4444444444445
PS-190452,Penelope Sewall,Home Office,7012,1261.9215,4,1753.0
LS-172003,Luke Schmidt,Corporate,6997,1159.89252,7,999.5714285714286
FH-143654,Fred Hopkins,Corporate,6989,2050.2826,8,873.625
NL-183101,Nancy Lomonaco,Home Office,6982,949.7808,9,775.7777777777778
RH-195104,Rick Huthwaite,Home Office,6980,1289.4535,6,1163.3333333333333
ME-173202,Maria Etezadi,Home Office,6977,921.846,10,697.7
SS-201401,Saphhira Shifley,Corporate,6973,1952.4642000000001,11,633.9090909090909
MC-178451,Michael Chen,Consumer,6969,-124.13250000000001,10,696.9
MG-176951,Maureen Gnade,Consumer,6960,1905.5867999999998,11,632.7272727272727
MG-176952,Maureen Gnade,Consumer,6958,-881.766,6,1159.6666666666667
BC-111252,Becky Castell,Home Office,6941,1567.041,12,578.4166666666666
GD-145901,Giulietta Dortch,Corporate,6939,973.5693,9,771.0
BM-111401,Becky Martin,Consumer,6930,140.21880000000002,7,990.0
BT-115301,Bradley Talbott,Home Office,6924,237.42900000000003,6,1154.0
RP-193901,Resi Pölking,Consumer,6918,-145.71750000000003,7,988.2857142857143
CL-118903,Carl Ludwig,Consumer,6904,-1230.60744,14,493.14285714285717
DD-135702,Dorothy Dickinson,Consumer,6899,660.8850000000001,10,689.9
BK-112601,Berenike Kampe,Consumer,6899,1664.7576,7,985.5714285714286
EG-139002,Emily Grady,Consumer,6883,1447.713,7,983.2857142857143
DM-133451,Denise Monton,Corporate,6883,1577.6415,7,983.2857142857143
RF-197351,Roland Fjeld,Consumer,6855,-601.6383000000001,8,856.875
MD-78601,Michael Dominguez,Corporate,6855,2176.092,5,1371.0
PS-190454,Penelope Sewall,Home Office,6842,1742.7296999999999,7,977.4285714285714
EP-139151,Emily Phan,Consumer,6827,1137.3765,10,682.7
TT-214602,Tonja Turnell,Home Office,6816,740.769,9,757.3333333333334
NS-185053,Neola Schneider,Consumer,6814,746.2774400000001,11,619.4545454545455
Co-126401,Corey-Lock,Consumer,6813,1107.8147999999999,8,851.625
VS-218201,Vivek Sundaresam,Consumer,6801,998.289,4,1700.25
SN-205601,Skye Norling,Home Office,6795,-2597.1299999999997,6,1132.5
VW-217751,Victoria Wilson,Corporate,6792,853.6314,11,617.4545454545455
RB-195702,Rob Beeghly,Consumer,6788,1300.7759999999998,10,678.8
KM-163752,Katherine Murray,Home Office,6772,-16.877999999999997,8,846.5
ML-177551,Max Ludwig,Home Office,6767,-17.558100000000024,11,615.1818181818181
BB-115454,Brenda Bowman,Corporate,6767,1015.075,9,751.8888888888889
JE-157454,Joel Eaton,Consumer,6762,221.79670000000002,13,520.1538461538462
GH-144102,Gary Hansen,Home Office,6755,934.5284999999999,13,519.6153846153846
ML-173952,Marina Lichtenstein,Corporate,6747,-322.278,4,1686.75
CL-118901,Carl Ludwig,Consumer,6746,50.41379999999998,7,963.7142857142857
DK-128353,Damala Kotsonis,Corporate,6745,-248.54599999999994,8,843.125
YS-218804,Yana Sorensen,Corporate,6722,1778.2923,8,840.25
MT-180702,Michelle Tran,Home Office,6720,1291.8735000000001,7,960.0
BG-110351,Barry Gonzalez,Consumer,6713,1175.6094,9,745.8888888888889
AS-100452,Aaron Smayling,Corporate,6708,421.929,13,516.0
KH-165101,Keith Herrera,Consumer,6705,378.198,8,838.125
HA-149051,Helen Abelman,Consumer,6695,-1086.93,6,1115.8333333333333
KC-165401,Kelly Collister,Consumer,6689,445.6538999999999,6,1114.8333333333333
KD-166152,Ken Dana,Corporate,6685,730.5255,7,955.0
SW-207553,Steven Ward,Corporate,6683,1256.5439999999999,12,556.9166666666666
LA-167802,Laura Armstrong,Corporate,6678,1053.801,9,742.0
MY-182952,Muhammed Yedwab,Corporate,6649,1314.7830000000001,8,831.125
VP-217602,Victoria Pisteka,Corporate,6643,2056.299,7,949.0
KN-163901,Katherine Nockton,Corporate,6633,871.2141,9,737.0
SC-203801,Shahid Collister,Consumer,6626,674.6634,12,552.1666666666666
SV-203651,Seth Vernon,Consumer,6624,742.0236,11,602.1818181818181
JW-152202,Jane Waco,Corporate,6622,622.395,12,551.8333333333334
AR-105404,Andy Reiter,Consumer,6609,2884.6208,6,1101.5
MG-178752,Michael Grace,Home Office,6604,77.08950000000006,11,600.3636363636364
BB-115452,Brenda Bowman,Corporate,6600,427.992,7,942.8571428571429
JM-158652,John Murray,Consumer,6585,1259.4285,11,598.6363636363636
LH-171552,Logan Haushalter,Consumer,6577,907.191,4,1644.25
KC-165403,Kelly Collister,Consumer,6577,1011.2283599999998,9,730.7777777777778
CP-123401,Christine Phan,Corporate,6559,1513.521,7,937.0
DB-132102,Dean Braden,Consumer,6544,720.597,5,1308.8
BS-113653,Bill Shonely,Corporate,6543,1215.71796,12,545.25
RP-192701,Rachel Payne,Corporate,6542,1098.5217,11,594.7272727272727
DO-136451,Doug O'Connell,Consumer,6540,1073.112,6,1090.0
ED-138851,Emily Ducich,Home Office,6533,1046.607,7,933.2857142857143
AR-105102,Andrew Roberts,Consumer,6533,1173.99,7,933.2857142857143
PS-187602,Pamela Stobb,Consumer,6533,636.2940000000001,6,1088.8333333333333
DR-128804,Dan Reichenbach,Corporate,6527,1641.8613,9,725.2222222222222
TH-212352,Tiffany House,Corporate,6523,1493.685,8,815.375
EB-141102,Eugene Barchas,Consumer,6522,2169.042,10,652.2
JE-157453,Joel Eaton,Consumer,6511,1453.44516,8,813.875
HG-150251,Hunter Glantz,Consumer,6510,-447.0336,9,723.3333333333334
JK-161201,Julie Kriz,Home Office,6498,951.0360000000001,6,1083.0
GK-146204,Grace Kelly,Corporate,6498,1448.5525,9,722.0
JA-159704,Joseph Airdo,Consumer,6494,-819.4217,8,811.75
CC-126102,Corey Catlett,Corporate,6492,878.478,8,811.5
MM-180552,Michelle Moray,Consumer,6490,1930.458,10,649.0
JF-154152,Jennifer Ferguson,Consumer,6489,995.7779999999999,6,1081.5
JM-156552,Jim Mitchum,Corporate,6473,195.834,8,809.125
JF-54151,Jennifer Ferguson,Consumer,6470,940.08,6,1078.3333333333333
OT-187301,Olvera Toch,Consumer,6463,1492.3863,11,587.5454545454545
NM-184454,Nathan Mautz,Home Office,6461,2751.6849,7,923.0
MS-175301,MaryBeth Skach,Consumer,6450,1712.5656,7,921.4285714285714
DA-134503,Dianna Arnett,Home Office,6447,-123.99644,8,805.875
VD-216704,Valerie Dominguez,Consumer,6444,1617.7874,6,1074.0
TM-210102,Tamara Manning,Consumer,6443,660.996,10,644.3
AB-101652,Alan Barnes,Consumer,6437,1322.793,11,585.1818181818181
CR-128203,Cyra Reiten,Home Office,6434,1329.6761600000002,9,714.8888888888889
MP-179652,Michael Paige,Corporate,6431,196.716,13,494.6923076923077
SB-201852,Sarah Brown,Consumer,6429,320.199,13,494.53846153846155
HG-148453,Harry Greene,Consumer,6417,-68.03567999999993,6,1069.5
NP-186702,Nora Paige,Consumer,6412,1444.014,8,801.5
SB-201854,Sarah Brown,Consumer,6411,885.4624,6,1068.5
NF-184752,Neil Französisch,Home Office,6407,1728.9060000000002,8,800.875
AS-102851,Alejandro Savely,Corporate,6388,835.566,9,709.7777777777778
JH-154303,Jennifer Halladay,Consumer,6387,1947.108,12,532.25
DK-128951,Dana Kaydos,Consumer,6372,447.3642,5,1274.4
TB-215201,Tracy Blumstein,Consumer,6371,505.3431,12,530.9166666666666
TH-211151,Thea Hudgings,Corporate,6369,1471.3200000000002,8,796.125
TH-211002,Thea Hendricks,Consumer,6368,1603.527,8,796.0
JG-151604,James Galang,Consumer,6366,1415.6664,11,578.7272727272727
KM-166601,Khloe Miller,Consumer,6362,-34.14239999999998,12,530.1666666666666
JR-162101,Justin Ritter,Corporate,6360,170.211,5,1272.0
JC-161052,Julie Creighton,Corporate,6355,276.774,10,635.5
RW-195401,Rick Wilson,Corporate,6351,922.728,8,793.875
SB-201853,Sarah Brown,Consumer,6349,711.40952,9,705.4444444444445
SH-206352,Stefanie Holloman,Corporate,6349,1254.8025,8,793.625
DM-130154,Darrin Martin,Consumer,6344,1677.3931,7,906.2857142857143
BE-113353,Bill Eplett,Home Office,6342,1701.6663999999998,11,576.5454545454545
ML-174101,Maris LaWare,Consumer,6342,273.6753,11,576.5454545454545
AT-104352,Alyssa Tate,Home Office,6342,1570.788,4,1585.5
CM-126554,Corinna Mitchell,Home Office,6340,1572.4585,6,1056.6666666666667
MJ-177404,Max Jones,Consumer,6321,1054.5529,7,903.0
JB-160001,Joy Bell-,Consumer,6316,330.7788,7,902.2857142857143
BO-114252,Bobby Odegard,Consumer,6314,571.347,8,789.25
CH-120702,Cathy Hwang,Home Office,6312,1169.604,9,701.3333333333334
DP-130002,Darren Powers,Consumer,6306,-1914.558,10,630.6
AS-102252,Alan Schoenberger,Corporate,6300,402.354,6,1050.0
GH-144252,Gary Hwang,Consumer,6292,564.6435,11,572.0
PS-189703,Paul Stevenson,Home Office,6286,1575.22632,7,898.0
AR-105101,Andrew Roberts,Consumer,6269,2109.0570000000002,11,569.9090909090909
CG-125201,Claire Gute,Consumer,6267,1120.6035,6,1044.5
BV-112451,Benjamin Venier,Corporate,6258,510.50100000000003,4,1564.5
BH-117104,Brosina Hoffman,Consumer,6256,802.7898,8,782.0
JC-153852,Jenna Caffey,Consumer,6236,1390.29,8,779.5
RL-196154,Rob Lucas,Consumer,6236,488.1484,8,779.5
EH-141851,Evan Henry,Consumer,6225,327.9897,9,691.6666666666666
RD-199001,Ruben Dartt,Consumer,6221,1393.4279999999999,6,1036.8333333333333
MK-181601,Mike Kennedy,Consumer,6220,321.58080000000007,7,888.5714285714286
NK-184901,Neil Knudson,Home Office,6215,1035.5321999999999,5,1243.0
CS-124602,Chuck Sachs,Consumer,6210,1414.935,7,887.1428571428571
AH-105851,Angele Hood,Consumer,6205,1046.5821,9,689.4444444444445
SS-201403,Saphhira Shifley,Corporate,6190,154.60884000000001,8,773.75
HH-150101,Hilary Holden,Corporate,6180,795.1859999999999,8,772.5
TT-210701,Ted Trevino,Consumer,6180,487.3074,9,686.6666666666666
MF-182501,Monica Federle,Corporate,6176,100.1316,8,772.0
JW-52201,Jane Waco,Corporate,6173,1991.49,2,3086.5
LH-167503,Larry Hughes,Consumer,6172,456.8152000000001,13,474.7692307692308
TA-213852,Tom Ashbrook,Home Office,6160,1318.443,9,684.4444444444445
WB-218504,William Brown,Consumer,6159,714.3311,11,559.9090909090909
QJ-192551,Quincy Jones,Corporate,6156,553.6791,4,1539.0
SC-208001,Stuart Calhoun,Consumer,6147,810.4347,6,1024.5
EH-139901,Erica Hackney,Consumer,6141,1193.6136,9,682.3333333333334
VW-217754,Victoria Wilson,Corporate,6135,-874.6645,10,613.5
BF-111702,Ben Ferrer,Home Office,6134,965.361,8,766.75
SR-204252,Sharelle Roach,Home Office,6126,806.2004999999999,6,1021.0
SD-204854,Shirley Daniels,Home Office,6121,1985.1671999999999,9,680.1111111111111
AB-100152,Aaron Bergman,Consumer,6116,1122.894,12,509.6666666666667
MB-180851,Mick Brown,Consumer,6116,1191.723,4,1529.0
AS-100903,Adam Shillingsburg,Consumer,6112,741.38272,10,611.2
QJ-192554,Quincy Jones,Corporate,6111,1203.6768,9,679.0
AD-101804,Alan Dominguez,Home Office,6106,1869.9294000000002,8,763.25
AA-103152,Alex Avila,Consumer,6105,568.737,7,872.1428571428571
LC-171402,Logan Currie,Consumer,6100,633.2819999999999,8,762.5
LR-169151,Lena Radford,Consumer,6098,1650.1200000000001,5,1219.6
AM-107052,Anne McFarland,Consumer,6094,1797.7530000000002,7,870.5714285714286
JB-159251,Joni Blumstein,Consumer,6083,462.0042,8,760.375
AG-103303,Alex Grayson,Consumer,6078,13.400479999999908,10,607.8
CB-120254,Cassandra Brandow,Consumer,6076,150.2089,10,607.6
KB-164051,Katrina Bavinger,Home Office,6075,982.716,11,552.2727272727273
AG-103002,Aleksandra Gannaway,Corporate,6071,1280.598,7,867.2857142857143
PC-190002,Pauline Chand,Home Office,6069,331.722,5,1213.8
MY-173801,Maribeth Yedwab,Corporate,6052,896.7648,7,864.5714285714286
GM-146954,Greg Maxwell,Corporate,6051,188.7235,3,2017.0
JM-155803,Jill Matthias,Consumer,6050,213.58,6,1008.3333333333334
SO-203351,Sean O'Donnell,Consumer,6035,1338.8301000000001,7,862.1428571428571
BS-117551,Bruce Stewart,Consumer,6031,777.4125,7,861.5714285714286
TP-211303,Theone Pippenger,Consumer,6028,1052.34868,11,548.0
SW-202451,Scot Wooten,Consumer,6028,215.382,6,1004.6666666666666
BM-115751,Brendan Murry,Corporate,6011,-667.8240000000001,9,667.8888888888889
SC-203804,Shahid Collister,Consumer,5994,236.6615,9,666.0
KH-166904,Kristen Hastings,Corporate,5991,1227.5091,7,855.8571428571429
PJ-90152,Pauline Johnson,Consumer,5990,1332.288,6,998.3333333333334
LR-170352,Lisa Ryan,Corporate,5989,1231.881,7,855.5714285714286
AZ-107503,Annie Zypern,Consumer,5989,1404.048,4,1497.25
PW-190302,Pauline Webber,Corporate,5988,1200.8039999999999,8,748.5
PS-189701,Paul Stevenson,Home Office,5988,-338.14200000000005,6,998.0
GH-146651,Greg Hansen,Consumer,5986,976.2284999999999,13,460.46153846153845
CM-121902,Charlotte Melton,Consumer,5985,261.6719999999999,6,997.5
RM-196754,Robert Marley,Home Office,5978,1902.5438000000001,5,1195.6
JS-155951,Jill Stevenson,Corporate,5975,436.09649999999993,4,1493.75
BF-110801,Bart Folk,Consumer,5973,922.9947,9,663.6666666666666
DK-131502,David Kendrick,Corporate,5970,983.409,6,995.0
TB-212803,Toby Braunhardt,Consumer,5967,500.33795999999995,12,497.25
KH-165104,Keith Herrera,Consumer,5954,656.1162,7,850.5714285714286
JH-158203,John Huston,Consumer,5947,641.08,7,849.5714285714286
AA-104801,Andrew Allen,Consumer,5946,601.3884,5,1189.2
LE-168102,Laurel Elliston,Consumer,5938,1216.1100000000001,8,742.25
JG-153101,Jason Gross,Corporate,5932,1378.1979,8,741.5
SR-207402,Steven Roelle,Home Office,5929,1279.2,8,741.125
JR-156701,Jim Radford,Consumer,5919,136.88459999999998,5,1183.8
HL-150403,Hunter Lopez,Consumer,5919,777.45368,4,1479.75
AG-107653,Anthony Garverick,Home Office,5913,1055.002,13,454.84615384615387
BF-111704,Ben Ferrer,Home Office,5909,1538.2127,11,537.1818181818181
DM-130151,Darrin Martin,Consumer,5904,-35.36519999999998,10,590.4
KD-164952,Keith Dawkins,Corporate,5900,1496.4675,10,590.0
KB-166001,Ken Brennan,Corporate,5897,365.4267,8,737.125
CP-123404,Christine Phan,Corporate,5889,-1850.3029000000001,8,736.125
LS-172301,Lycoris Saunders,Consumer,5888,1090.6499999999999,9,654.2222222222222
FM-142903,Frank Merwin,Home Office,5888,1322.68532,11,535.2727272727273
OT-187302,Olvera Toch,Consumer,5883,572.814,8,735.375
BE-113352,Bill Eplett,Home Office,5882,1488.333,12,490.1666666666667
ME-180102,Michelle Ellison,Corporate,5882,116.18400000000005,11,534.7272727272727
AF-108852,Art Foster,Consumer,5880,921.48,13,452.3076923076923
TS-213702,Todd Sumrall,Corporate,5879,859.6650000000001,9,653.2222222222222
CC-124303,Chuck Clark,Home Office,5878,1141.0515599999999,9,653.1111111111111
GD-145902,Giulietta Dortch,Corporate,5870,132.02849999999998,9,652.2222222222222
KB-164052,Katrina Bavinger,Home Office,5858,-390.8505,6,976.3333333333334
DP-31051,Dave Poirier,Corporate,5858,2730.4500000000003,4,1464.5
GT-147101,Greg Tran,Consumer,5858,53.573999999999984,7,836.8571428571429
MZ-173353,Maria Zettner,Home Office,5854,1177.036,9,650.4444444444445
TC-209802,Tamara Chand,Corporate,5835,-509.871,7,833.5714285714286
AF-108703,Art Ferguson,Consumer,5832,2002.0280000000002,9,648.0
JF-152953,Jason Fortune-,Consumer,5824,461.97040000000004,7,832.0
AJ-107801,Anthony Jacobs,Corporate,5821,988.0137,5,1164.2
WB-218501,William Brown,Consumer,5795,1168.9032,10,579.5
BS-116653,Brian Stugart,Consumer,5789,2098.26,8,723.625
TZ-215802,Tracy Zic,Consumer,5783,1809.2160000000001,5,1156.6
TS-216102,Troy Staebel,Consumer,5779,307.902,8,722.375
CC-124753,Cindy Chapman,Consumer,5779,970.44536,7,825.5714285714286
MY-182953,Muhammed Yedwab,Corporate,5779,1220.23468,4,1444.75
DB-129102,Daniel Byrd,Home Office,5773,1314.876,5,1154.6
RD-194803,Rick Duston,Consumer,5769,1281.0884,10,576.9
KA-165251,Kelly Andreada,Consumer,5763,1483.1784,12,480.25
JB-160451,Julia Barnett,Home Office,5763,730.0494000000001,6,960.5
EM-139602,Eric Murdock,Consumer,5759,-482.15999999999997,10,575.9
DV-130451,Darrin Van Huff,Corporate,5756,913.0590000000001,5,1151.2
AC-106151,Ann Chong,Corporate,5753,1253.5158,11,523.0
DJ-135103,Don Jones,Corporate,5736,840.559,10,573.6
RP-192702,Rachel Payne,Corporate,5731,314.66999999999996,6,955.1666666666666
LH-169001,Lena Hernandez,Consumer,5730,639.3114,9,636.6666666666666
TB-211753,Thomas Boland,Corporate,5722,289.56399999999996,10,572.2
BD-113204,Bill Donatelli,Consumer,5721,1094.5037,12,476.75
LP-170953,Liz Preis,Consumer,5720,852.0673999999999,7,817.1428571428571
BN-114703,Brad Norvell,Corporate,5710,842.2490799999999,9,634.4444444444445
MW-182202,Mitch Webber,Consumer,5709,1505.157,5,1141.8
SP-209201,Susan Pistek,Consumer,5702,985.6635,4,1425.5
CS-124903,Cindy Schnelling,Corporate,5698,-206.59200000000004,10,569.8
JF-152951,Jason Fortune-,Consumer,5696,1529.5358999999999,4,1424.0
SW-207552,Steven Ward,Corporate,5693,105.204,9,632.5555555555555
CS-125054,Cindy Stewart,Consumer,5691,-6626.3895,6,948.5
CB-124152,Christy Brittain,Consumer,5679,1653.7680000000003,6,946.5
KE-164203,Katrina Edelman,Corporate,5671,1336.35392,6,945.1666666666666
LH-171551,Logan Haushalter,Consumer,5667,-469.2642000000001,14,404.7857142857143
AM-107054,Anne McFarland,Consumer,5665,1085.7326,8,708.125
CS-122502,Chris Selesnick,Corporate,5663,684.0135,8,707.875
AO-108102,Anthony O'Donnell,Corporate,5657,786.6060000000001,10,565.7
SS-201402,Saphhira Shifley,Corporate,5653,-3957.1380000000004,5,1130.6
RW-196901,Robert Waldorf,Consumer,5650,1161.222,8,706.25
MS-173653,Maribeth Schnelling,Consumer,5642,1473.124,12,470.1666666666667
JK-157302,Joe Kamberova,Consumer,5638,970.7760000000001,7,805.4285714285714
CC-126101,Corey Catlett,Corporate,5637,1158.345,11,512.4545454545455
TS-213401,Toby Swindell,Consumer,5635,1508.3766,9,626.1111111111111
RB-197954,Ross Baird,Home Office,5633,-461.7332,8,704.125
KM-163754,Katherine Murray,Home Office,5622,973.7901999999999,8,702.75
PN-187751,Parhena Norris,Home Office,5619,1148.9025,9,624.3333333333334
DL-134952,Dionis Lloyd,Corporate,5618,851.643,8,702.25
EM-141403,Eugene Moren,Home Office,5617,340.53336000000013,9,624.1111111111111
ME-173201,Maria Etezadi,Home Office,5608,629.127,6,934.6666666666666
YC-218951,Yoseph Carroll,Corporate,5606,1315.5801000000001,4,1401.5
HM-149802,Henry MacAllister,Consumer,5605,871.746,9,622.7777777777778
LM-170651,Liz MacKendrick,Consumer,5588,124.01999999999998,7,798.2857142857143
MV-174852,Mark Van Huff,Consumer,5580,406.923,9,620.0
DK-129851,Darren Koutras,Consumer,5573,471.6525,12,464.4166666666667
JM-156551,Jim Mitchum,Corporate,5566,1294.1787,10,556.6
AA-103154,Alex Avila,Consumer,5565,-362.88250000000005,5,1113.0
SM-209504,Suzanne McNair,Corporate,5563,581.5742,12,463.5833333333333
GK-146201,Grace Kelly,Corporate,5556,1029.6129,5,1111.2
RD-194802,Rick Duston,Consumer,5552,1223.1225,7,793.1428571428571
SC-202302,Scot Coram,Corporate,5550,137.391,8,693.75
ML-182651,Muhammed Lee,Consumer,5548,1250.9424,10,554.8
CC-23702,Christopher Conant,Consumer,5544,1441.815,6,924.0
MG-182052,Mitch Gastineau,Corporate,5544,384.3,11,504.0
RM-193751,Raymond Messe,Consumer,5541,320.3646,8,692.625
BE-114101,Bobby Elias,Consumer,5536,594.3281999999999,10,553.6
NP-183254,Naresj Patel,Consumer,5532,1208.889,6,922.0
AC-104504,Amy Cox,Consumer,5529,1366.0098,7,789.8571428571429
DB-129702,Darren Budd,Corporate,5520,133.959,4,1380.0
AG-109003,Arthur Gainer,Consumer,5519,625.62976,3,1839.6666666666667
BP-112302,Benjamin Patterson,Consumer,5519,815.241,5,1103.8
EM-140652,Erin Mull,Consumer,5518,1837.332,2,2759.0
BG-117403,Bruce Geld,Consumer,5513,1362.092,5,1102.6
FM-142152,Filia McAdams,Corporate,5513,596.9069999999999,7,787.5714285714286
MZ-175151,Mary Zewe,Corporate,5508,966.8355,10,550.8
KW-165701,Kelly Williams,Consumer,5505,1537.8228,12,458.75
MH-181154,Mick Hernandez,Home Office,5503,170.97460000000004,9,611.4444444444445
VP-217601,Victoria Pisteka,Corporate,5503,682.1804999999999,7,786.1428571428571
BP-12301,Benjamin Patterson,Consumer,5496,268.956,4,1374.0
TC-209803,Tamara Chand,Corporate,5492,-368.152,9,610.2222222222222
SC-200501,Sample Company A,Home Office,5484,869.6595000000001,9,609.3333333333334
MM-179203,Michael Moore,Consumer,5483,800.724,10,548.3
DP-133904,Dennis Pardue,Home Office,5482,1571.8318000000002,9,609.1111111111111
EP-139154,Emily Phan,Consumer,5481,144.95780000000002,17,322.4117647058824
JB-160003,Joy Bell-,Consumer,5478,-275.34648,8,684.75
NZ-185652,Nick Zandusky,Home Office,5475,1002.7440000000001,5,1095.0
TM-214902,Tony Molinari,Consumer,5474,405.516,9,608.2222222222222
SC-207252,Steven Cartwright,Consumer,5473,921.372,10,547.3
SW-202751,Scott Williamson,Consumer,5470,177.11459999999997,11,497.27272727272725
MB-180853,Mick Brown,Consumer,5466,702.00488,10,546.6
YC-218954,Yoseph Carroll,Corporate,5455,1305.629,5,1091.0
CC-123702,Christopher Conant,Consumer,5455,1061.94,9,606.1111111111111
TR-213251,Toby Ritter,Consumer,5454,889.8104999999999,7,779.1428571428571
DK-133753,Dennis Kane,Consumer,5450,1266.988,7,778.5714285714286
SP-206204,Stefania Perrino,Corporate,5443,-270.42819999999995,9,604.7777777777778
NP-186853,Nora Pelletier,Home Office,5440,-32.97759999999998,12,453.3333333333333
EM-142003,Evan Minnotte,Home Office,5438,590.73816,8,679.75
SK-199903,Sally Knutson,Consumer,5435,1280.81612,8,679.375
DK-130902,Dave Kipp,Consumer,5428,1927.284,6,904.6666666666666
LW-172154,Luke Weiss,Consumer,5422,837.2411,7,774.5714285714286
KD-163451,Katherine Ducich,Consumer,5411,1704.7044,4,1352.75
CP-120854,Cathy Prescott,Corporate,5401,427.0258,8,675.125
JG-151152,Jack Garza,Consumer,5396,-397.029,5,1079.2
PO-188503,Patrick O'Brill,Consumer,5390,810.94,10,539.0
LD-170051,Lisa DeCherney,Consumer,5389,974.529,9,598.7777777777778
GP-147401,Guy Phonely,Corporate,5387,-38.92799999999994,5,1077.4
JH-158201,John Huston,Consumer,5384,1302.4080000000001,9,598.2222222222222
EG-139001,Emily Grady,Consumer,5381,1804.1088,4,1345.25
AH-101953,Alan Haines,Corporate,5370,454.69128,6,895.0
TS-212054,Thomas Seio,Corporate,5370,862.8877,7,767.1428571428571
TT-214604,Tonja Turnell,Home Office,5365,1124.4999,7,766.4285714285714
GT-147103,Greg Tran,Consumer,5364,1836.83828,6,894.0
RA-198851,Ruben Ausman,Corporate,5363,805.71,5,1072.6
VP-217301,Victor Preis,Home Office,5354,949.1886,11,486.72727272727275
CR-128201,Cyra Reiten,Home Office,5354,1547.964,4,1338.5
RD-196602,Robert Dilbeck,Home Office,5345,949.197,4,1336.25
MW-182204,Mitch Webber,Consumer,5342,1238.422,7,763.1428571428571
DS-131803,David Smith,Corporate,5338,398.668,13,410.61538461538464
EM-140952,Eudokia Martin,Corporate,5336,1582.482,6,889.3333333333334
SE-201103,Sanjit Engle,Consumer,5335,526.92252,7,762.1428571428571
PO-191951,Phillina Ober,Home Office,5331,-1060.8156,7,761.5714285714286
TP-214154,Tom Prescott,Consumer,5329,-1087.3898,5,1065.8
MC-174253,Mark Cousins,Corporate,5317,1111.6164800000001,11,483.3636363636364
TB-112502,Tim Brockman,Consumer,5314,1.3559999999999661,10,531.4
DW-134801,Dianna Wilson,Home Office,5313,1651.896,7,759.0
TB-212503,Tim Brockman,Consumer,5311,1335.22,8,663.875
HE-148003,Harold Engle,Corporate,5308,345.67891999999995,12,442.3333333333333
PP-189552,Paul Prost,Home Office,5300,466.377,6,883.3333333333334
DV-134653,Dianna Vittorini,Consumer,5297,1050.62248,7,756.7142857142857
DW-135402,Don Weiss,Consumer,5296,554.919,5,1059.2
JR-157001,Jocasta Rupert,Consumer,5295,954.912,6,882.5
RD-197202,Roger Demir,Consumer,5295,1130.43,9,588.3333333333334
RR-195253,Rick Reed,Corporate,5293,-2030.752,9,588.1111111111111
DN-136903,Duane Noonan,Consumer,5290,-410.852,6,881.6666666666666
GZ-144701,Gary Zandusky,Consumer,5289,679.7955000000001,8,661.125
TS-114302,Tom Stivers,Corporate,5288,1639.8600000000001,3,1762.6666666666667
LC-70502,Liz Carlisle,Consumer,5284,1159.89,2,2642.0
SJ-202153,Sarah Jordon,Consumer,5280,707.1992799999999,9,586.6666666666666
TW-210254,Tamara Willingham,Home Office,5278,737.3905000000001,7,754.0
DW-134804,Dianna Wilson,Home Office,5272,1348.7556,5,1054.4
AA-106451,Anna Andreadi,Consumer,5264,1578.0795,12,438.6666666666667
LW-168252,Laurel Workman,Corporate,5260,383.7,5,1052.0
MW-182354,Mitch Willingham,Corporate,5254,1665.516,2,2627.0
AA-104802,Andrew Allen,Consumer,5253,190.99650000000003,7,750.4285714285714
HR-148304,Harold Ryan,Corporate,5251,1196.9504,7,750.1428571428571
BM-111403,Becky Martin,Consumer,5250,322.5794,12,437.5
TB-210551,Ted Butterfield,Consumer,5246,416.95799999999997,8,655.75
DJ-134201,Denny Joy,Corporate,5230,1184.0384999999999,7,747.1428571428571
BT-113952,Bill Tyler,Corporate,5228,1481.307,8,653.5
SC-207254,Steven Cartwright,Consumer,5226,1276.6513,11,475.09090909090907
MY-173802,Maribeth Yedwab,Corporate,5220,1449.807,9,580.0
LS-172453,Lynn Smith,Consumer,5219,540.164,8,652.375
EH-137651,Edward Hooks,Corporate,5217,819.6,8,652.125
BD-115602,Brendan Dodson,Home Office,5213,1175.22,7,744.7142857142857
AB-100603,Adam Bellavance,Home Office,5210,1119.128,10,521.0
TA-213853,Tom Ashbrook,Home Office,5196,451.9188,6,866.0
CC-124301,Chuck Clark,Home Office,5193,1207.971,9,577.0
ML-177552,Max Ludwig,Home Office,5182,1062.8084999999999,6,863.6666666666666
KB-163151,Karl Braun,Consumer,5181,1038.966,8,647.625
MM-72603,Magdelene Morse,Consumer,5177,1210.4880000000003,3,1725.6666666666667
PF-191652,Philip Fox,Consumer,5169,553.9485000000001,9,574.3333333333334
DK-128953,Dana Kaydos,Consumer,5157,96.62595999999996,7,736.7142857142857
RP-193904,Resi Pölking,Consumer,5155,465.25030000000015,12,429.5833333333333
EG-39001,Emily Grady,Consumer,5151,-929.241,6,858.5
FG-142601,Frank Gastineau,Home Office,5148,236.718,5,1029.6
LR-169154,Lena Radford,Consumer,5143,535.4764,6,857.1666666666666
MW-182351,Mitch Willingham,Corporate,5128,-1349.6780999999999,8,641.0
CP-123403,Christine Phan,Corporate,5127,143.25328000000005,8,640.875
MZ-173352,Maria Zettner,Home Office,5126,288.504,7,732.2857142857143
PO-188501,Patrick O'Brill,Consumer,5125,691.491,8,640.625
ND-184602,Neil Ducich,Corporate,5124,811.5,6,854.0
MH-180252,Michelle Huthwaite,Consumer,5120,64.47449999999999,8,640.0
HZ-149501,Henia Zydlo,Consumer,5115,239.10569999999998,9,568.3333333333334
GA-147251,Guy Armstrong,Consumer,5111,725.3355,7,730.1428571428571
GM-144551,Gary Mitchum,Home Office,5109,1862.868,6,851.5
TP-215652,Tracy Poddar,Corporate,5103,530.1600000000001,10,510.3
TG-216402,Trudy Glocke,Consumer,5101,608.1,10,510.1
SB-202901,Sean Braxton,Corporate,5101,-536.0382000000001,5,1020.2
NW-84001,Natalie Webber,Consumer,5100,1428.0,1,5100.0
BD-16352,Brian Derr,Consumer,5095,1394.682,5,1019.0
RS-194202,Ricardo Sperren,Corporate,5093,570.018,9,565.8888888888889
MP-181754,Mike Pelletier,Home Office,5090,226.45290000000006,9,565.5555555555555
AA-106454,Anna Andreadi,Consumer,5087,857.8033,6,847.8333333333334
MB-173052,Maria Bertelson,Consumer,5086,756.9029999999999,10,508.6
KM-167201,Kunst Miller,Consumer,5084,400.638,3,1694.6666666666667
AH-301,Aaron Hawkins,Corporate,5072,-576.624,4,1268.0
MP-181752,Mike Pelletier,Home Office,5065,178.72349999999997,8,633.125
TB-210552,Ted Butterfield,Consumer,5061,-147.23100000000002,6,843.5
RM-193752,Raymond Messe,Consumer,5054,-184.197,7,722.0
FH-142751,Frank Hawley,Corporate,5052,2082.552,2,2526.0
SW-202753,Scott Williamson,Consumer,5047,710.4456,11,458.8181818181818
CM-118152,Candace McMahon,Corporate,5045,-1649.811,7,720.7142857142857
IL-151004,Ivan Liston,Consumer,5040,1121.937,7,720.0
MH-176203,Matt Hagelstein,Corporate,5040,-221.98511999999997,6,840.0
AG-109001,Arthur Gainer,Consumer,5035,359.27549999999997,8,629.375
DW-135853,Dorothy Wardle,Corporate,5034,181.38360000000003,11,457.6363636363636
PB-92102,Phillip Breyer,Corporate,5031,-665.334,5,1006.2
SC-207701,Stewart Carmichael,Corporate,5029,78.62100000000005,10,502.9
MK-179051,Michael Kennedy,Corporate,5029,437.5104,8,628.625
DG-133001,Deirdre Greer,Corporate,5020,940.836,10,502.0
KL-165554,Kelly Lampkin,Corporate,5019,-182.7813,8,627.375
SW-202452,Scot Wooten,Consumer,5017,1183.4805,7,716.7142857142857
JA-159702,Joseph Airdo,Consumer,5016,636.2819999999999,8,627.0
BN-115153,Bradley Nguyen,Consumer,5014,826.82792,9,557.1111111111111
TB-213553,Todd Boyes,Corporate,5014,-126.67999999999996,10,501.4
SJ-205002,Shirley Jackson,Consumer,5012,-307.872,7,716.0
KM-162251,Kalyca Meade,Corporate,5006,-579.9264,8,625.75
ES-140202,Erica Smith,Consumer,4999,1337.3204999999998,11,454.45454545454544
AS-102852,Alejandro Savely,Corporate,4997,321.94350000000003,7,713.8571428571429
LF-171852,Luke Foster,Consumer,4989,-103.31700000000001,8,623.625
LB-167954,Laurel Beltran,Home Office,4986,-52.190999999999974,8,623.25
NS-186403,Noel Staavos,Corporate,4982,494.204,8,622.75
RB-194351,Richard Bierner,Consumer,4966,587.961,6,827.6666666666666
CS-121301,Chad Sievert,Consumer,4964,-360.831,9,551.5555555555555
CJ-120103,Caroline Jumper,Consumer,4961,1165.088,8,620.125
HJ-148752,Heather Jas,Home Office,4961,1264.6575,10,496.1
DK-128352,Damala Kotsonis,Corporate,4960,1549.83,5,992.0
CC-121452,Charles Crestani,Consumer,4945,1353.558,7,706.4285714285714
CK-125952,Clytie Kelty,Consumer,4945,231.01950000000005,8,618.125
CS-124603,Chuck Sachs,Consumer,4937,307.80088,7,705.2857142857143
DH-130754,Dave Hallsten,Corporate,4933,1193.7404,6,822.1666666666666
IM-150704,Irene Maddox,Consumer,4931,514.6527,7,704.4285714285714
RB-197051,Roger Barcio,Home Office,4923,1588.4076,5,984.6
ED-138853,Emily Ducich,Home Office,4922,1132.32,8,615.25
TT-210704,Ted Trevino,Consumer,4916,751.9567,7,702.2857142857143
ES-140801,Erin Smith,Corporate,4914,239.0496,5,982.8
JL-152352,Janet Lee,Consumer,4913,1160.889,7,701.8571428571429
SP-208602,Sung Pak,Corporate,4911,891.5985000000001,6,818.5
KM-167204,Kunst Miller,Consumer,4910,745.7685,8,613.75
RB-193303,Randy Bradley,Consumer,4909,601.27712,10,490.9
MG-176501,Matthew Grinstein,Home Office,4904,1043.844,5,980.8
MT-178151,Meg Tillman,Consumer,4902,1235.7948000000001,9,544.6666666666666
CM-123853,Christopher Martinez,Consumer,4902,74.62952000000003,6,817.0
BG-117401,Bruce Geld,Consumer,4900,-245.89799999999994,6,816.6666666666666
CC-126851,Craig Carroll,Consumer,4893,-722.2878000000001,6,815.5
EB-139752,Erica Bern,Corporate,4893,1314.546,6,815.5
PO-191804,Philisse Overcash,Home Office,4893,1155.4331,9,543.6666666666666
LT-167652,Larry Tron,Consumer,4891,1701.3255,6,815.1666666666666
PB-188052,Patrick Bzostek,Home Office,4889,134.3265,6,814.8333333333334
ST-205301,Shui Tom,Consumer,4887,423.4407,5,977.4
EB-139753,Erica Bern,Corporate,4883,777.798,13,375.61538461538464
MG-81451,Mike Gockenbach,Consumer,4881,1769.154,2,2440.5
AR-105701,Anemone Ratner,Consumer,4880,929.7642,7,697.1428571428571
HK-148904,Heather Kirkland,Corporate,4877,956.9451,8,609.625
SV-207851,Stewart Visinsky,Consumer,4873,-112.3539,7,696.1428571428571
DK-131501,David Kendrick,Corporate,4872,442.27000000000004,8,609.0
AJ-107804,Anthony Jacobs,Corporate,4868,150.71299999999997,7,695.4285714285714
JK-157304,Joe Kamberova,Consumer,4868,55.04830000000001,10,486.8
JP-155202,Jeremy Pistek,Consumer,4867,1458.174,7,695.2857142857143
BD-116351,Brian Derr,Consumer,4867,836.6883,7,695.2857142857143
LC-168851,Lena Creighton,Consumer,4867,847.4964000000001,8,608.375
RP-93901,Resi Pölking,Consumer,4862,1082.2800000000002,5,972.4
MF-176652,Maureen Fritzler,Corporate,4860,955.347,10,486.0
HM-148603,Harry Marie,Corporate,4851,1179.912,5,970.2
RA-199453,Ryan Akin,Consumer,4845,550.4359999999999,7,692.1428571428571
SC-204403,Shaun Chance,Corporate,4842,387.35036,8,605.25
AW-108402,Anthony Witt,Consumer,4839,-395.8859999999999,5,967.8
JM-155801,Jill Matthias,Consumer,4838,411.60600000000005,8,604.75
MT-80701,Michelle Tran,Home Office,4827,-471.984,3,1609.0
NW-184003,Natalie Webber,Consumer,4823,526.95696,7,689.0
RW-95401,Rick Wilson,Corporate,4821,1269.9,4,1205.25
CT-119951,Carol Triggs,Consumer,4812,1457.0819999999999,4,1203.0
MS-173651,Maribeth Schnelling,Consumer,4809,1295.5886999999998,7,687.0
LT-167653,Larry Tron,Consumer,4808,1283.33944,11,437.09090909090907
DL-129251,Daniel Lacy,Consumer,4807,1275.3216,6,801.1666666666666
NH-186102,Nicole Hansen,Corporate,4807,575.778,5,961.4
DM-133452,Denise Monton,Corporate,4806,-213.093,8,600.75
AH-102104,Alan Hwang,Consumer,4805,1308.5546,9,533.8888888888889
VF-217153,Vicky Freymann,Home Office,4802,1139.484,7,686.0
DK-132254,Dean Katz,Corporate,4802,209.8994,9,533.5555555555555
TM-214901,Tony Molinari,Consumer,4799,690.3939,10,479.9
MR-175451,Mathew Reese,Home Office,4797,971.7588,8,599.625
RA-199154,Russell Applegate,Consumer,4794,304.86730000000006,9,532.6666666666666
MC-174251,Mark Cousins,Corporate,4780,947.0787,10,478.0
CK-122052,Chloris Kastensmidt,Consumer,4774,1464.492,7,682.0
AG-102701,Alejandro Grove,Consumer,4771,891.3987,7,681.5714285714286
SA-208304,Sue Ann Reed,Consumer,4767,610.1496000000001,10,476.7
CC-126701,Craig Carreira,Consumer,4766,64.87620000000004,9,529.5555555555555
CB-124153,Christy Brittain,Consumer,4766,205.99936,8,595.75
JK-156404,Jim Kriz,Home Office,4762,1172.5303,9,529.1111111111111
KH-166902,Kristen Hastings,Corporate,4761,543.1260000000001,14,340.07142857142856
LC-170503,Liz Carlisle,Consumer,4760,565.08292,7,680.0
BG-116953,Brooke Gillingham,Corporate,4753,517.2028799999999,6,792.1666666666666
BW-111104,Bart Watters,Corporate,4752,921.2574,8,594.0
CC-126852,Craig Carroll,Consumer,4745,631.5450000000001,7,677.8571428571429
JL-151751,James Lanier,Home Office,4745,9.41369999999998,6,790.8333333333334
DK-129853,Darren Koutras,Consumer,4743,452.108,9,527.0
CM-126552,Corinna Mitchell,Home Office,4740,-1765.3635,2,2370.0
MS-177701,Maxwell Schwartz,Consumer,4739,-281.70179999999993,7,677.0
TB-215204,Tracy Blumstein,Consumer,4737,-1603.0451,9,526.3333333333334
ON-187153,Odella Nelson,Corporate,4736,1094.5598400000001,6,789.3333333333334
PF-191651,Philip Fox,Consumer,4736,476.6562,13,364.3076923076923
LP-170951,Liz Preis,Consumer,4733,648.6492,8,591.625
EH-140052,Erica Hernandez,Home Office,4728,-320.00700000000006,4,1182.0
EB-139302,Eric Barreto,Consumer,4727,970.299,3,1575.6666666666667
SS-205902,Sonia Sunley,Consumer,4726,791.817,5,945.2
SC-200503,Sample Company A,Home Office,4725,-2421.38648,7,675.0
CM-122351,Chris McAfee,Consumer,4720,1097.8211999999999,7,674.2857142857143
BB-109901,Barry Blumstein,Corporate,4719,-400.3893,11,429.0
MH-172903,Marc Harrigan,Home Office,4717,739.54896,7,673.8571428571429
GB-145754,Giulietta Baptist,Consumer,4717,1135.8393,5,943.4
RB-194654,Rick Bensley,Home Office,4714,640.5466,12,392.8333333333333
BS-118001,Bryan Spruell,Home Office,4711,873.9198000000001,5,942.2
PG-188952,Paul Gonzalez,Consumer,4707,248.15399999999997,7,672.4285714285714
AA-104803,Andrew Allen,Consumer,4704,288.26288,4,1176.0
BS-117552,Bruce Stewart,Consumer,4698,378.495,6,783.0
GM-146952,Greg Maxwell,Corporate,4693,-1107.8190000000002,5,938.6
LT-171101,Liz Thompson,Consumer,4690,504.3078,8,586.25
TP-211302,Theone Pippenger,Consumer,4687,749.133,7,669.5714285714286
BD-116352,Brian Derr,Consumer,4687,-11.118000000000013,10,468.7
PB-192102,Phillip Breyer,Corporate,4684,1060.641,10,468.4
DL-128651,Dan Lawera,Consumer,4683,920.1255000000001,7,669.0
LO-171701,Lori Olson,Corporate,4683,570.3612,8,585.375
JC-153853,Jenna Caffey,Consumer,4676,111.70992000000001,11,425.09090909090907
MH-177851,Maya Herman,Corporate,4676,744.4206,7,668.0
PS-189702,Paul Stevenson,Home Office,4672,769.8315,12,389.3333333333333
TT-212202,Thomas Thornton,Consumer,4671,567.465,5,934.2
LM-70652,Liz MacKendrick,Consumer,4665,1048.62,1,4665.0
DM-33452,Denise Monton,Corporate,4664,-5377.68,3,1554.6666666666667
TB-211752,Thomas Boland,Corporate,4662,783.537,6,777.0
JP-161351,Julie Prescott,Home Office,4659,1003.2456,11,423.54545454545456
BS-116651,Brian Stugart,Consumer,4658,546.9315,4,1164.5
ES-140804,Erin Smith,Corporate,4657,246.66609999999997,9,517.4444444444445
DB-132704,Deborah Brumfield,Home Office,4655,841.8263999999999,8,581.875
NP-86851,Nora Pelletier,Home Office,4655,1158.9,3,1551.6666666666667
DR-129402,Daniel Raglin,Home Office,4652,793.1895,7,664.5714285714286
RL-196151,Rob Lucas,Consumer,4648,791.61,4,1162.0
AB-102553,Alejandro Ballentine,Home Office,4644,309.376,9,516.0
FO-143051,Frank Olsen,Consumer,4643,903.3105,7,663.2857142857143
KT-164804,Kean Thornton,Consumer,4642,194.0671,10,464.2
MF-176651,Maureen Fritzler,Corporate,4636,369.32189999999997,7,662.2857142857143
PV-189853,Paul Van Hugh,Home Office,4636,1291.712,7,662.2857142857143
RF-193451,Randy Ferguson,Corporate,4628,326.0580000000001,8,578.5
JW-159551,Joni Wasserman,Consumer,4628,398.2677,8,578.5
ES-140803,Erin Smith,Corporate,4628,1278.2492,5,925.6
SC-200504,Sample Company A,Home Office,4626,1011.7443,9,514.0
CM-118151,Candace McMahon,Corporate,4625,-519.6486,4,1156.25
TT-212201,Thomas Thornton,Consumer,4625,-24.158999999999992,5,925.0
AF-108853,Art Foster,Consumer,4621,1025.1572800000001,8,577.625
MM-172603,Magdelene Morse,Consumer,4620,658.00312,5,924.0
BS-113803,Bill Stewart,Corporate,4614,1075.6578,8,576.75
LC-169601,Lindsay Castell,Home Office,4611,262.1355,5,922.2
CD-119801,Carol Darley,Consumer,4610,1362.5433,6,768.3333333333334
LR-170351,Lisa Ryan,Corporate,4601,541.842,6,766.8333333333334
SC-206953,Steve Chapman,Corporate,4596,209.4216,7,656.5714285714286
VM-216852,Valerie Mitchum,Home Office,4589,-2458.938,4,1147.25
EM-141404,Eugene Moren,Home Office,4589,1319.3655,6,764.8333333333334
BF-112151,Benjamin Farhat,Home Office,4587,1122.5403000000001,10,458.7
SB-202902,Sean Braxton,Corporate,4587,759.234,3,1529.0
NS-186402,Noel Staavos,Corporate,4581,156.6510000000001,10,458.1
YS-218803,Yana Sorensen,Corporate,4573,797.452,8,571.625
IG-150851,Ivan Gibson,Consumer,4573,-635.9115,7,653.2857142857143
SR-207401,Steven Roelle,Home Office,4573,969.2466,9,508.1111111111111
LC-168701,Lena Cacioppo,Consumer,4570,854.7600000000001,6,761.6666666666666
AH-100303,Aaron Hawkins,Corporate,4568,343.22384,6,761.3333333333334
PM-189402,Paul MacIntyre,Consumer,4564,463.74899999999997,7,652.0
KH-166901,Kristen Hastings,Corporate,4562,-152.7729,11,414.72727272727275
AC-104203,Alyssa Crouse,Corporate,4561,-655.412,9,506.77777777777777
RD-99002,Ruben Dartt,Consumer,4558,819.468,5,911.6
BW-112003,Ben Wallace,Consumer,4557,281.35008000000005,10,455.7
KL-166452,Ken Lonsdale,Consumer,4556,789.2189999999999,7,650.8571428571429
JK-153703,Jay Kimmel,Consumer,4556,657.67624,6,759.3333333333334
SJ-202152,Sarah Jordon,Consumer,4555,934.4730000000001,8,569.375
ML-180402,Michelle Lonsdale,Corporate,4549,919.7489999999999,6,758.1666666666666
TG-213102,Toby Gnade,Consumer,4548,909.4200000000001,11,413.45454545454544
ZD-219252,Zuschuss Donatelli,Consumer,4548,-893.2785,7,649.7142857142857
DS-130303,Darrin Sayre,Home Office,4547,1250.444,10,454.7
SG-208901,Susan Gilcrest,Corporate,4544,187.4235,8,568.0
RW-195402,Rick Wilson,Corporate,4541,1120.4535,7,648.7142857142857
DL-134951,Dionis Lloyd,Corporate,4541,1172.7689999999998,5,908.2
SP-206501,Stephanie Phelps,Corporate,4536,985.2257999999999,6,756.0
MW-182353,Mitch Willingham,Corporate,4534,762.9,7,647.7142857142857
TC-214751,Tony Chapman,Home Office,4533,913.3602,9,503.6666666666667
DB-130604,Dave Brooks,Consumer,4532,473.02720000000005,7,647.4285714285714
DB-132702,Deborah Brumfield,Home Office,4532,443.69250000000005,6,755.3333333333334
AH-100752,Adam Hart,Corporate,4526,528.414,9,502.8888888888889
AR-108254,Anthony Rawles,Corporate,4523,494.8352,8,565.375
DB-136601,Duane Benoit,Consumer,4522,186.01860000000002,6,753.6666666666666
JK-156253,Jim Karlsson,Consumer,4519,1088.332,9,502.1111111111111
TS-212051,Thomas Seio,Corporate,4519,1230.2214,11,410.8181818181818
KN-67052,Kristina Nunn,Home Office,4514,691.1879999999999,4,1128.5
DL-133302,Denise Leinenbach,Consumer,4514,214.42499999999995,9,501.55555555555554
DJ-135102,Don Jones,Corporate,4513,854.4000000000001,7,644.7142857142857
AG-109004,Arthur Gainer,Consumer,4511,343.68240000000003,10,451.1
TW-210252,Tamara Willingham,Home Office,4511,1203.135,8,563.875
AJ-109602,Astrea Jones,Consumer,4502,914.0745,6,750.3333333333334
AJ-107954,Anthony Johnson,Corporate,4501,1158.7064,7,643.0
SC-207704,Stewart Carmichael,Corporate,4494,-671.1874,7,642.0
LC-169304,Linda Cazamias,Corporate,4492,288.26599999999996,8,561.5
RA-199152,Russell Applegate,Consumer,4488,91.80900000000003,4,1122.0
CK-122051,Chloris Kastensmidt,Consumer,4487,-432.864,11,407.90909090909093
SC-208002,Stuart Calhoun,Consumer,4487,458.0295,10,448.7
CC-121451,Charles Crestani,Consumer,4483,-195.7674,7,640.4285714285714
NB-186552,Nona Balk,Corporate,4478,515.664,5,895.6
RH-95551,Ritsa Hightower,Consumer,4477,951.4889999999999,5,895.4
JG-151153,Jack Garza,Consumer,4476,766.05888,7,639.4285714285714
GR-45601,Georgia Rosenberg,Corporate,4473,-376.2030000000001,4,1118.25
MO-175002,Mary O'Rourke,Consumer,4472,26.372999999999955,5,894.4
FH-143652,Fred Hopkins,Corporate,4470,794.1765,8,558.75
RD-95851,Rob Dowd,Consumer,4464,1291.5900000000001,6,744.0
VG-217903,Vivek Gonzalez,Consumer,4462,-659.508,8,557.75
AR-103451,Alex Russell,Corporate,4462,1030.9062000000001,9,495.77777777777777
TP-211304,Theone Pippenger,Consumer,4456,1129.1261,9,495.1111111111111
TC-212951,Toby Carlisle,Consumer,4451,505.50960000000003,6,741.8333333333334
HM-149801,Henry MacAllister,Consumer,4451,280.3536,10,445.1
JL-155053,Jeremy Lonsdale,Consumer,4446,60.09599999999996,6,741.0
GH-144851,Gene Hale,Corporate,4446,1170.2142000000001,5,889.2
KB-165852,Ken Black,Corporate,4440,328.2885,5,888.0
RA-199452,Ryan Akin,Consumer,4439,608.043,7,634.1428571428571
BP-111851,Ben Peterman,Corporate,4436,1288.2378,5,887.2
MC-174254,Mark Cousins,Corporate,4433,1802.3903,5,886.6
AS-101351,Adrian Shami,Home Office,4430,515.8152,11,402.72727272727275
GH-146652,Greg Hansen,Consumer,4428,892.092,8,553.5
JK-152054,Jamie Kunitz,Consumer,4427,1219.983,5,885.4
EM-138252,Elizabeth Moffitt,Corporate,4427,607.155,6,737.8333333333334
KT-164651,Kean Takahito,Consumer,4421,932.6292000000001,9,491.22222222222223
DK-133751,Dennis Kane,Consumer,4420,425.385,6,736.6666666666666
KW-164354,Katrina Willman,Consumer,4418,1756.1349999999998,5,883.6
CC-121002,Chad Cunningham,Home Office,4417,873.0269999999999,7,631.0
MP-174702,Mark Packer,Home Office,4416,1209.018,6,736.0
DW-135851,Dorothy Wardle,Corporate,4415,830.046,11,401.3636363636364
BD-115004,Bradley Drucker,Consumer,4410,1142.1225000000002,6,735.0
JF-154151,Jennifer Ferguson,Consumer,4409,-506.33160000000004,5,881.8
HR-147701,Hallie Redmond,Home Office,4409,561.567,4,1102.25
HM-148601,Harry Marie,Corporate,4407,541.5858,11,400.6363636363636
SA-208302,Sue Ann Reed,Consumer,4398,846.306,3,1466.0
SN-207102,Steve Nguyen,Home Office,4389,701.874,6,731.5
JF-155651,Jill Fjeld,Consumer,4381,853.8225,5,876.2
BW-112001,Ben Wallace,Consumer,4381,549.861,9,486.77777777777777
AI-108554,Arianne Irving,Consumer,4376,867.7271000000001,10,437.6
MG-178751,Michael Grace,Home Office,4374,176.6466,9,486.0
SC-202304,Scot Coram,Corporate,4374,440.14099999999996,4,1093.5
MS-178302,Melanie Seite,Consumer,4366,411.945,7,623.7142857142857
JK-156402,Jim Kriz,Home Office,4359,1088.655,5,871.8
AT-107352,Annie Thurman,Consumer,4359,736.3829999999999,8,544.875
EB-138404,Ellis Ballard,Corporate,4358,656.1988,5,871.6
CS-118602,Cari Schnelling,Consumer,4358,1439.7255,6,726.3333333333334
BF-112752,Beth Fritzler,Corporate,4357,211.722,10,435.7
GZ-144704,Gary Zandusky,Consumer,4355,1087.7539,9,483.8888888888889
PM-189401,Paul MacIntyre,Consumer,4352,275.496,4,1088.0
MS-178303,Melanie Seite,Consumer,4350,736.234,9,483.3333333333333
BP-111852,Ben Peterman,Corporate,4348,587.76,7,621.1428571428571
SR-207404,Steven Roelle,Home Office,4345,1990.4243999999999,8,543.125
JE-61651,Justin Ellison,Corporate,4343,1035.2459999999999,6,723.8333333333334
JH-159851,Joseph Holt,Consumer,4342,132.513,11,394.72727272727275
DK-131503,David Kendrick,Corporate,4340,389.09999999999997,6,723.3333333333334
RD-99302,Russell D'Ascenzo,Consumer,4339,1892.1840000000002,5,867.8
BM-117852,Bryan Mills,Consumer,4330,703.41,7,618.5714285714286
ND-183704,Natalie DeCherney,Consumer,4329,353.6455,9,481.0
PH-187903,Patricia Hirasaki,Home Office,4322,1348.9479999999999,8,540.25
CM-124452,Chuck Magee,Consumer,4322,24.69749999999999,5,864.4
RD-195851,Rob Dowd,Consumer,4320,606.1299,7,617.1428571428571
RE-194501,Richard Eichhorn,Consumer,4319,880.0632,7,617.0
MA-179951,Michelle Arnett,Home Office,4311,830.7867000000001,6,718.5
AB-101051,Adrian Barton,Consumer,4309,1451.607,7,615.5714285714286
FM-142151,Filia McAdams,Corporate,4305,41.91959999999996,7,615.0
MA-175604,Matt Abelman,Home Office,4300,1240.2266,11,390.90909090909093
LC-170502,Liz Carlisle,Consumer,4298,665.838,6,716.3333333333334
MH-74552,Mark Hamilton,Consumer,4290,922.53,6,715.0
NF-185953,Nicole Fjeld,Home Office,4287,556.65152,7,612.4285714285714
EA-140353,Erin Ashbrook,Corporate,4285,180.55791999999997,9,476.1111111111111
SP-208604,Sung Pak,Corporate,4283,566.7225999999999,10,428.3
DK-128954,Dana Kaydos,Consumer,4283,937.6496,5,856.6
HK-148902,Heather Kirkland,Corporate,4282,704.8305,8,535.25
AB-102551,Alejandro Ballentine,Home Office,4277,-879.9366000000001,7,611.0
AB-106002,Ann Blume,Corporate,4276,-503.295,6,712.6666666666666
RH-95552,Ritsa Hightower,Consumer,4275,758.31,3,1425.0
LW-169902,Lindsay Williams,Corporate,4275,406.1565,7,610.7142857142857
LS-169451,Linda Southworth,Corporate,4275,-40.59900000000001,4,1068.75
RD-194804,Rick Duston,Consumer,4272,480.594,8,534.0
PK-190752,Pete Kriz,Consumer,4270,126.59099999999997,6,711.6666666666666
RE-94502,Richard Eichhorn,Consumer,4267,683.406,7,609.5714285714286
RB-97051,Roger Barcio,Home Office,4267,1067.898,7,609.5714285714286
JP-154601,Jennifer Patt,Corporate,4266,209.0739,6,711.0
TC-212954,Toby Carlisle,Consumer,4266,606.3727,8,533.25
DJ-136301,Doug Jacobs,Consumer,4266,-261.48900000000003,11,387.8181818181818
EM-140651,Erin Mull,Consumer,4264,601.4955,5,852.8
BP-112301,Benjamin Patterson,Consumer,4264,1045.4766,7,609.1428571428571
RH-194952,Rick Hansen,Consumer,4263,270.99,5,852.6
BS-117553,Bruce Stewart,Consumer,4263,152.12,9,473.6666666666667
MP-179653,Michael Paige,Corporate,4263,814.536,10,426.3
AS-102254,Alan Schoenberger,Corporate,4262,719.7751000000001,5,852.4
FH-142754,Frank Hawley,Corporate,4257,1073.2676,10,425.7
LL-168402,Lauren Leatherbury,Consumer,4256,-954.8729999999999,8,532.0
KN-164503,Kean Nguyen,Corporate,4252,565.4879999999999,4,1063.0
SG-204703,Sheri Gordon,Consumer,4249,926.8800000000001,8,531.125
CB-125354,Claudia Bergmann,Corporate,4247,1049.5601,8,530.875
TS-113702,Todd Sumrall,Corporate,4243,919.668,6,707.1666666666666
TH-215504,Tracy Hopkins,Home Office,4234,-571.9678000000001,7,604.8571428571429
AW-108401,Anthony Witt,Consumer,4229,1139.3519999999999,7,604.1428571428571
EJ-141551,Eva Jacobs,Consumer,4223,716.7048,7,603.2857142857143
EL-137351,Ed Ludwig,Home Office,4219,173.91,6,703.1666666666666
SS-205901,Sonia Sunley,Consumer,4218,95.84940000000003,10,421.8
MB-73051,Maria Bertelson,Consumer,4215,1055.427,4,1053.75
EM-139603,Eric Murdock,Consumer,4212,917.15728,6,702.0
AG-103301,Alex Grayson,Consumer,4208,259.6632000000001,5,841.6
VB-217451,Victoria Brennan,Corporate,4206,800.1143999999999,7,600.8571428571429
BE-113354,Bill Eplett,Home Office,4205,1487.7739000000001,5,841.0
PR-188803,Patrick Ryan,Consumer,4204,512.56912,7,600.5714285714286
JP-61352,Julie Prescott,Home Office,4201,1418.46,5,840.2
DF-131351,David Flashing,Consumer,4201,-133.2801,8,525.125
Dp-132403,Dean percer,Home Office,4201,1068.1643199999999,9,466.77777777777777
JF-155654,Jill Fjeld,Consumer,4198,1073.2087999999999,8,524.75
TB-216251,Trudy Brown,Consumer,4197,305.76509999999996,10,419.7
LT-171102,Liz Thompson,Consumer,4197,275.14799999999997,7,599.5714285714286
NR-185501,Nick Radford,Consumer,4196,201.10889999999998,10,419.6
CC-125501,Clay Cheatham,Consumer,4195,585.117,6,699.1666666666666
TB-212502,Tim Brockman,Consumer,4188,698.01,9,465.3333333333333
BS-113652,Bill Shonely,Corporate,4186,1397.325,5,837.2
TZ-214451,Tom Zandusky,Corporate,4184,284.94,9,464.8888888888889
RC-198252,Roy Collins,Consumer,4180,560.6505,7,597.1428571428571
GH-144254,Gary Hwang,Consumer,4172,1176.4181,4,1043.0
AH-106901,Anna Häberlin,Corporate,4163,552.99,6,693.8333333333334
BS-18001,Bryan Spruell,Home Office,4163,235.074,5,832.6
RS-197654,Roland Schwarz,Corporate,4160,1206.3851,8,520.0
HH-150102,Hilary Holden,Corporate,4155,829.9694999999999,6,692.5
AH-100301,Aaron Hawkins,Corporate,4154,911.4,6,692.3333333333334
MY-182954,Muhammed Yedwab,Corporate,4151,-371.7111,11,377.3636363636364
IG-50851,Ivan Gibson,Consumer,4148,1082.787,6,691.3333333333334
JE-156101,Jim Epp,Corporate,4147,88.91640000000001,11,377.0
HW-149352,Helen Wasserman,Corporate,4146,708.525,6,691.0
AS-100902,Adam Shillingsburg,Consumer,4140,330.162,8,517.5
SA-208303,Sue Ann Reed,Consumer,4137,422.71916000000004,8,517.125
EJ-137201,Ed Jacobs,Consumer,4136,285.10200000000003,6,689.3333333333334
CP-23401,Christine Phan,Corporate,4136,1407.75,3,1378.6666666666667
JC-157751,John Castell,Consumer,4133,612.837,6,688.8333333333334
FC-142451,Frank Carlisle,Home Office,4133,651.0168,8,516.625
JH-161803,Justin Hirsh,Consumer,4133,567.632,5,826.6
JS-156853,Jim Sink,Corporate,4132,679.724,8,516.5
SF-202001,Sarah Foster,Consumer,4119,834.5934,8,514.875
CY-127453,Craig Yedwab,Corporate,4118,58.847200000000015,7,588.2857142857143
PM-191354,Peter McVee,Home Office,4115,526.7537,4,1028.75
SC-200201,Sam Craven,Consumer,4109,1032.2154,12,342.4166666666667
SV-207854,Stewart Visinsky,Consumer,4106,485.0272,9,456.22222222222223
BT-114852,Brad Thomas,Home Office,4105,271.326,9,456.1111111111111
RD-199003,Ruben Dartt,Consumer,4104,618.8960000000001,13,315.6923076923077
MC-176053,Matt Connell,Corporate,4103,437.9314,8,512.875
NM-185202,Neoma Murray,Consumer,4103,662.376,5,820.6
MN-179351,Michael Nguyen,Consumer,4101,727.221,4,1025.25
SH-203951,Shahid Hopkins,Consumer,4092,434.859,10,409.2
MS-179801,Michael Stewart,Corporate,4091,945.4272000000001,5,818.2
BS-16652,Brian Stugart,Consumer,4088,251.05800000000005,4,1022.0
JW-159552,Joni Wasserman,Consumer,4086,114.09299999999995,8,510.75
AC-104201,Alyssa Crouse,Corporate,4086,709.7487,5,817.2
VG-218053,Vivek Grady,Corporate,4084,1206.8413600000001,6,680.6666666666666
AB-2551,Alejandro Ballentine,Home Office,4083,787.2,5,816.6
NM-185201,Neoma Murray,Consumer,4082,894.141,8,510.25
CM-118301,Cari MacIntyre,Corporate,4081,161.9115,7,583.0
EB-138401,Ellis Ballard,Corporate,4078,848.5779,5,815.6
CA-119652,Carol Adams,Corporate,4077,651.828,9,453.0
DM-133454,Denise Monton,Corporate,4074,1319.0586,8,509.25
EH-141251,Eugene Hildebrand,Home Office,4073,228.408,8,509.125
AG-105252,Andy Gerbode,Corporate,4071,151.71899999999994,8,508.875
AJ-9601,Astrea Jones,Consumer,4071,1417.2179999999998,6,678.5
HM-49801,Henry MacAllister,Consumer,4068,1559.73,2,2034.0
SM-100051,Sally Matthias,Consumer,4068,345.78,3,1356.0
RD-196601,Robert Dilbeck,Home Office,4068,1298.3900999999998,7,581.1428571428571
AW-109302,Arthur Wiediger,Home Office,4066,1424.454,5,813.2
MS-179803,Michael Stewart,Corporate,4065,-1119.576,10,406.5
TT-214601,Tonja Turnell,Home Office,4064,353.57429999999994,6,677.3333333333334
BF-112153,Benjamin Farhat,Home Office,4064,1064.1912,6,677.3333333333334
RP-198552,Roy Phan,Corporate,4063,409.0485,9,451.44444444444446
KH-163601,Katherine Hughes,Consumer,4062,572.7774,8,507.75
PC-187453,Pamela Coakley,Corporate,4058,-859.35536,5,811.6
JP-155203,Jeremy Pistek,Consumer,4055,468.80416,8,506.875
FP-143204,Frank Preis,Consumer,4047,406.44730000000004,8,505.875
AH-101203,Adrian Hane,Home Office,4044,773.4288799999999,6,674.0
LS-172001,Luke Schmidt,Corporate,4036,550.1652,8,504.5
BS-115902,Brendan Sweed,Corporate,4036,519.5145,6,672.6666666666666
BD-117253,Bruce Degenhardt,Consumer,4035,568.2674000000001,10,403.5
SO-203352,Sean O'Donnell,Consumer,4031,755.3100000000001,6,671.8333333333334
RM-193753,Raymond Messe,Consumer,4028,803.18952,4,1007.0
AB-6002,Ann Blume,Corporate,4027,711.0899999999999,2,2013.5
VT-217003,Valerie Takahito,Home Office,4026,74.928,2,2013.0
SF-200652,Sandra Flanagan,Consumer,4024,121.46999999999998,6,670.6666666666666
BF-112753,Beth Fritzler,Corporate,4024,246.56664000000004,9,447.1111111111111
JO-151452,Jack O'Briant,Corporate,4024,928.908,7,574.8571428571429
NP-187002,Nora Preis,Consumer,4020,-303.04200000000003,8,502.5
JM-158651,John Murray,Consumer,4020,-1124.67,6,670.0
CH-20702,Cathy Hwang,Home Office,4018,1141.446,5,803.6
CA-120552,Cathy Armstrong,Home Office,4018,815.619,7,574.0
MS-78302,Melanie Seite,Consumer,4017,225.11399999999998,5,803.4
EM-138251,Elizabeth Moffitt,Corporate,4013,678.5646,5,802.6
MH-176202,Matt Hagelstein,Corporate,4013,398.505,7,573.2857142857143
CR-125801,Clay Rozendal,Home Office,4013,-102.51749999999998,8,501.625
GT-146351,Grant Thornton,Corporate,4010,-579.8154,5,802.0
MO-179502,Michael Oakman,Consumer,4009,117.72600000000003,8,501.125
SV-108152,Stuart Van,Corporate,4009,1187.9399999999998,1,4009.0
GM-145003,Gene McClure,Consumer,4003,-46.90308000000002,7,571.8571428571429
FH-143502,Fred Harton,Consumer,4000,964.6395,8,500.0
SZ-200353,Sam Zeldin,Home Office,3999,574.082,14,285.64285714285717
CC-121003,Chad Cunningham,Home Office,3997,866.67224,9,444.1111111111111
TH-215501,Tracy Hopkins,Home Office,3994,-778.6977,5,798.8
SM-103201,Sean Miller,Home Office,3993,698.394,4,998.25
SP-209204,Susan Pistek,Consumer,3990,14.692400000000006,6,665.0
CA-122651,Christina Anderson,Consumer,3988,1053.0714,9,443.1111111111111
CB-125351,Claudia Bergmann,Corporate,3987,793.095,3,1329.0
CM-127154,Craig Molinari,Corporate,3985,176.3108,4,996.25
GA-145151,George Ashbrook,Consumer,3985,560.421,2,1992.5
LC-69301,Linda Cazamias,Corporate,3984,503.34,6,664.0
MP-179654,Michael Paige,Corporate,3984,638.1563,9,442.6666666666667
RD-199303,Russell D'Ascenzo,Consumer,3982,654.78032,10,398.2
SC-203054,Sean Christensen,Consumer,3980,229.1617,7,568.5714285714286
PH-187901,Patricia Hirasaki,Home Office,3975,824.1573,9,441.6666666666667
BO-114253,Bobby Odegard,Consumer,3974,1040.8875199999998,4,993.5
AH-100302,Aaron Hawkins,Corporate,3973,981.594,8,496.625
FP-143201,Frank Preis,Consumer,3973,817.2972000000001,8,496.625
JM-155351,Jessica Myrick,Consumer,3973,978.396,7,567.5714285714286
EB-137053,Ed Braxton,Corporate,3972,-11.792000000000101,7,567.4285714285714
RF-198403,Roy Französisch,Consumer,3972,452.87068,9,441.3333333333333
JD-160153,Joy Daniels,Consumer,3966,254.192,7,566.5714285714286
PS-187601,Pamela Stobb,Consumer,3962,488.49240000000003,8,495.25
DB-136602,Duane Benoit,Consumer,3961,1401.984,4,990.25
JD-158952,Jonathan Doherty,Corporate,3959,-382.3349999999999,5,791.8
MC-181002,Mick Crebagga,Consumer,3957,641.019,9,439.6666666666667
KB-163152,Karl Braun,Consumer,3956,92.145,7,565.1428571428571
CC-26851,Craig Carroll,Consumer,3954,1620.93,4,988.5
SJ-201254,Sanjit Jacobs,Home Office,3950,144.1189,12,329.1666666666667
RD-199301,Russell D'Ascenzo,Consumer,3945,6.137999999999959,6,657.5
JF-153552,Jay Fein,Consumer,3944,236.33099999999996,8,493.0
BF-110202,Barry Französisch,Corporate,3939,576.8805,8,492.375
TH-211001,Thea Hendricks,Consumer,3938,85.3116,9,437.55555555555554
LF-171854,Luke Foster,Consumer,3931,-3583.9770000000003,7,561.5714285714286
EH-41252,Eugene Hildebrand,Home Office,3926,-506.136,6,654.3333333333334
CV-128052,Cynthia Voltz,Corporate,3926,787.671,5,785.2
GA-145154,George Ashbrook,Consumer,3922,840.899,8,490.25
PW-192404,Pierre Wener,Consumer,3922,1290.354,7,560.2857142857143
KH-166304,Ken Heidel,Corporate,3920,727.3786,9,435.55555555555554
JH-159853,Joseph Holt,Consumer,3916,435.7324,15,261.06666666666666
CC-122204,Chris Cortes,Consumer,3914,393.9618,12,326.1666666666667
BF-110052,Barry Franz,Home Office,3911,-430.38000000000005,7,558.7142857142857
PF-192252,Phillip Flathmann,Consumer,3910,-21.026999999999944,11,355.45454545454544
DB-135554,Dorothy Badders,Corporate,3909,109.32700000000001,7,558.4285714285714
NP-186704,Nora Paige,Consumer,3909,514.6002,5,781.8
KC-165404,Kelly Collister,Consumer,3908,709.4219,4,977.0
DP-131053,Dave Poirier,Corporate,3906,128.0432,9,434.0
BD-117251,Bruce Degenhardt,Consumer,3901,539.6211000000001,8,487.625
AJ-107802,Anthony Jacobs,Corporate,3898,576.2475,7,556.8571428571429
PR-188802,Patrick Ryan,Consumer,3897,899.598,9,433.0
RB-194353,Richard Bierner,Consumer,3896,-473.57648,11,354.1818181818182
RA-199151,Russell Applegate,Consumer,3895,534.3291,6,649.1666666666666
JL-151752,James Lanier,Home Office,3892,125.47200000000001,6,648.6666666666666
BP-112902,Beth Paige,Consumer,3892,1296.438,5,778.4
CM-124451,Chuck Magee,Consumer,3891,860.5455000000001,6,648.5
FC-143354,Fred Chung,Corporate,3890,714.2926,7,555.7142857142857
CP-120851,Cathy Prescott,Corporate,3889,357.17490000000004,3,1296.3333333333333
SD-204852,Shirley Daniels,Home Office,3888,242.05499999999998,10,388.8
BS-113804,Bill Stewart,Corporate,3888,-17.532200000000003,5,777.6
SC-206952,Steve Chapman,Corporate,3888,662.5425,6,648.0
DM-129552,Dario Medina,Corporate,3887,307.116,9,431.8888888888889
CS-119502,Carlos Soltero,Consumer,3883,-939.18,7,554.7142857142857
PT-90902,Pete Takahito,Consumer,3881,277.17,4,970.25
LH-170203,Lisa Hazard,Consumer,3880,1311.5328,7,554.2857142857143
DV-34652,Dianna Vittorini,Consumer,3876,1141.35,3,1292.0
SV-207852,Stewart Visinsky,Consumer,3875,1189.704,6,645.8333333333334
DB-136152,Doug Bickford,Consumer,3874,968.487,9,430.44444444444446
JP-155201,Jeremy Pistek,Consumer,3872,170.5878,4,968.0
LF-171851,Luke Foster,Consumer,3870,-29.101499999999955,5,774.0
NC-184153,Nathan Cano,Consumer,3870,859.516,5,774.0
JS-158804,John Stevenson,Consumer,3868,564.9798,5,773.6
HA-149201,Helen Andreada,Consumer,3868,353.8311,8,483.5
RB-194653,Rick Bensley,Home Office,3867,776.3104,10,386.7
YS-218802,Yana Sorensen,Corporate,3864,925.38,6,644.0
PG-188953,Paul Gonzalez,Consumer,3864,447.4054,4,966.0
DV-134651,Dianna Vittorini,Consumer,3861,650.8974000000001,5,772.2
BK-112602,Berenike Kampe,Consumer,3859,341.262,8,482.375
JH-61803,Justin Hirsh,Consumer,3857,1359.1560000000002,3,1285.6666666666667
GK-146203,Grace Kelly,Corporate,3856,-14.649999999999979,5,771.2
BF-109751,Barbara Fisher,Corporate,3856,485.9967,9,428.44444444444446
JC-61052,Julie Creighton,Corporate,3855,-2470.7340000000004,5,771.0
NP-186851,Nora Pelletier,Home Office,3851,-260.0577,6,641.8333333333334
NM-84453,Nathan Mautz,Home Office,3845,662.3100000000001,5,769.0
RD-197201,Roger Demir,Consumer,3843,504.4065,6,640.5
NG-184303,Nathan Gelder,Consumer,3841,789.58324,5,768.2
CM-121603,Charles McCrossin,Consumer,3840,-24.768879999999996,5,768.0
AH-101951,Alan Haines,Corporate,3839,-308.2815,6,639.8333333333334
TC-209801,Tamara Chand,Corporate,3839,684.174,7,548.4285714285714
SC-106802,Steve Carroll,Home Office,3835,52.98,2,1917.5
KB-163153,Karl Braun,Consumer,3834,239.25728000000004,5,766.8
RA-198854,Ruben Ausman,Corporate,3832,1292.8656,7,547.4285714285714
DH-130751,Dave Hallsten,Corporate,3831,-364.3764,5,766.2
AT-107354,Annie Thurman,Consumer,3831,974.107,10,383.1
TG-216403,Trudy Glocke,Consumer,3822,548.9958,10,382.2
OT-187304,Olvera Toch,Consumer,3819,-925.1203,5,763.8
AJ-9451,Ashley Jarboe,Consumer,3817,1272.984,5,763.4
RO-197804,Rose O'Brian,Consumer,3816,-1262.5716000000002,7,545.1428571428571
SL-201553,Sara Luxemburg,Home Office,3815,20.348000000000017,11,346.8181818181818
MS-177102,Maurice Satty,Consumer,3814,305.988,6,635.6666666666666
SL-201551,Sara Luxemburg,Home Office,3808,-232.1849999999999,5,761.6
SG-208902,Susan Gilcrest,Corporate,3806,490.02,5,761.2
MC-178454,Michael Chen,Consumer,3805,698.4174,7,543.5714285714286
MZ-175152,Mary Zewe,Corporate,3803,-609.5745000000001,6,633.8333333333334
MG-176802,Maureen Gastineau,Home Office,3801,-119.32799999999997,6,633.5
DW-135401,Don Weiss,Consumer,3800,640.338,4,950.0
JK-160903,Juliana Krohn,Consumer,3798,392.91064,9,422.0
RB-193301,Randy Bradley,Consumer,3794,436.1145,8,474.25
ML-174103,Maris LaWare,Consumer,3794,1209.06,8,474.25
MM-179204,Michael Moore,Consumer,3793,82.12500000000003,11,344.8181818181818
AS-1352,Adrian Shami,Home Office,3792,788.1,4,948.0
SW-203501,Sean Wendt,Home Office,3791,873.1704,6,631.8333333333334
CA-119654,Carol Adams,Corporate,3789,1143.3817000000001,6,631.5
JL-51303,Jack Lebron,Consumer,3787,924.1560000000001,7,541.0
MG-176504,Matthew Grinstein,Home Office,3785,341.898,7,540.7142857142857
JA-159701,Joseph Airdo,Consumer,3780,490.38870000000003,4,945.0
WB-218503,William Brown,Consumer,3780,560.931,9,420.0
JK-156251,Jim Karlsson,Consumer,3778,762.8781,7,539.7142857142857
EH-137652,Edward Hooks,Corporate,3774,-608.994,5,754.8
CS-119501,Carlos Soltero,Consumer,3771,-146.2107,6,628.5
LD-168553,Lela Donovan,Corporate,3770,360.10548,13,290.0
NS-185052,Neola Schneider,Consumer,3767,-169.91400000000007,6,627.8333333333334
MD-173504,Maribeth Dona,Consumer,3766,-241.94999999999996,7,538.0
CR-26253,Corey Roper,Home Office,3763,596.166,3,1254.3333333333333
MH-172901,Marc Harrigan,Home Office,3762,655.2506999999999,4,940.5
JK-156254,Jim Karlsson,Consumer,3762,750.9485,7,537.4285714285714
DE-132551,Deanra Eno,Home Office,3761,452.997,5,752.2
BD-115001,Bradley Drucker,Consumer,3761,815.829,6,626.8333333333334
AM-103603,Alice McCarthy,Corporate,3759,-113.97200000000001,9,417.6666666666667
BO-113501,Bill Overfelt,Corporate,3754,249.9327,8,469.25
JK-160904,Juliana Krohn,Consumer,3748,586.6625000000001,3,1249.3333333333333
GW-146052,Giulietta Weimer,Consumer,3745,289.13550000000004,6,624.1666666666666
EH-141852,Evan Henry,Consumer,3744,252.09900000000002,6,624.0
JE-157451,Joel Eaton,Consumer,3743,-759.5472,7,534.7142857142857
DJ-134203,Denny Joy,Corporate,3740,260.54064,6,623.3333333333334
CM-121152,Chad McGuire,Consumer,3738,1287.84,4,934.5
FM-142904,Frank Merwin,Home Office,3737,198.10949999999997,9,415.22222222222223
BS-116652,Brian Stugart,Consumer,3734,228.22949999999997,9,414.8888888888889
SC-202604,Scott Cohen,Corporate,3732,671.0033999999999,8,466.5
DW-135403,Don Weiss,Consumer,3729,206.948,6,621.5
BN-114702,Brad Norvell,Corporate,3729,-599.004,6,621.5
BD-116051,Brian Dahlen,Consumer,3719,-49.856699999999975,6,619.8333333333334
MC-176052,Matt Connell,Corporate,3719,906.51,6,619.8333333333334
CK-123253,Christine Kargatis,Home Office,3713,69.98312,9,412.55555555555554
XP-218651,Xylona Preis,Consumer,3705,743.1366,7,529.2857142857143
SL-201552,Sara Luxemburg,Home Office,3701,928.0559999999999,9,411.22222222222223
MS-175302,MaryBeth Skach,Consumer,3698,1200.627,6,616.3333333333334
DB-33601,Dennis Bolton,Home Office,3691,1074.27,2,1845.5
HG-150254,Hunter Glantz,Consumer,3690,804.6112999999999,7,527.1428571428571
AS-102402,Alan Shonely,Consumer,3688,-49.37699999999997,9,409.77777777777777
VF-217151,Vicky Freymann,Home Office,3686,-1086.4470000000001,8,460.75
MM-179201,Michael Moore,Consumer,3683,1449.8490000000002,5,736.6
BP-111854,Ben Peterman,Corporate,3676,363.5991,9,408.44444444444446
MC-172753,Marc Crier,Consumer,3672,932.2084,8,459.0
SJ-201252,Sanjit Jacobs,Home Office,3671,475.296,9,407.8888888888889
GM-45001,Gene McClure,Consumer,3670,919.0200000000001,3,1223.3333333333333
RS-197652,Roland Schwarz,Corporate,3669,1077.102,4,917.25
NM-184453,Nathan Mautz,Home Office,3664,674.532,9,407.1111111111111
KD-163452,Katherine Ducich,Consumer,3658,321.852,4,914.5
LP-170954,Liz Preis,Consumer,3654,338.44539999999995,7,522.0
JD-61502,Justin Deggeller,Corporate,3652,972.99,5,730.4
LR-170353,Lisa Ryan,Corporate,3652,774.7832,8,456.5
CS-124004,Christopher Schild,Home Office,3651,-342.8033,9,405.6666666666667
GH-44251,Gary Hwang,Consumer,3649,382.26599999999996,7,521.2857142857143
PK-189103,Paul Knutson,Home Office,3644,1046.50856,8,455.5
AG-106751,Anna Gayman,Consumer,3644,360.429,3,1214.6666666666667
EB-137054,Ed Braxton,Corporate,3643,13.621500000000015,9,404.77777777777777
CY-127452,Craig Yedwab,Corporate,3642,484.17449999999997,8,455.25
LS-172451,Lynn Smith,Consumer,3639,824.916,7,519.8571428571429
JP-155204,Jeremy Pistek,Consumer,3638,757.1802,7,519.7142857142857
RH-195551,Ritsa Hightower,Consumer,3631,398.289,5,726.2
IL-151003,Ivan Liston,Consumer,3630,-72.64524,8,453.75
SZ-200354,Sam Zeldin,Home Office,3628,366.4303,11,329.8181818181818
HA-149053,Helen Abelman,Consumer,3627,-534.60556,6,604.5
RH-194954,Rick Hansen,Consumer,3622,563.7876999999999,5,724.4
SH-199751,Sally Hughsby,Corporate,3622,553.5918,7,517.4285714285714
AH-104653,Amy Hunt,Consumer,3621,433.37028000000004,7,517.2857142857143
NG-184302,Nathan Gelder,Consumer,3620,779.049,8,452.5
BP-111553,Becky Pak,Consumer,3610,718.11496,5,722.0
MP-174703,Mark Packer,Home Office,3608,728.0,9,400.8888888888889
MT-178152,Meg Tillman,Consumer,3607,-174.87300000000002,7,515.2857142857143
AG-106753,Anna Gayman,Consumer,3606,360.5764,4,901.5
JD-157901,John Dryer,Consumer,3605,-72.96360000000004,8,450.625
GT-146352,Grant Thornton,Corporate,3599,558.36,8,449.875
CT-119952,Carol Triggs,Consumer,3598,405.426,9,399.77777777777777
DS-131801,David Smith,Corporate,3598,758.0772,4,899.5
BT-113951,Bill Tyler,Corporate,3596,909.759,8,449.5
NK-184903,Neil Knudson,Home Office,3592,1020.2388,6,598.6666666666666
HD-147852,Harold Dahlen,Home Office,3591,479.583,6,598.5
AG-103302,Alex Grayson,Consumer,3590,661.5405000000001,9,398.8888888888889
AH-101202,Adrian Hane,Home Office,3590,905.511,6,598.3333333333334
KE-164201,Katrina Edelman,Corporate,3589,397.2936,13,276.0769230769231
TB-211754,Thomas Boland,Corporate,3589,829.1635,4,897.25
GZ-45453,George Zrebassa,Corporate,3585,1547.3160000000003,4,896.25
GM-144404,Gary McGarr,Consumer,3583,347.266,7,511.85714285714283
JM-152502,Janet Martin,Consumer,3565,925.518,4,891.25
SC-205753,Sonia Cooley,Consumer,3563,-7.635999999999996,10,356.3
KD-162702,Karen Daniels,Consumer,3562,1003.9005000000001,7,508.85714285714283
HG-148451,Harry Greene,Consumer,3561,795.8877,13,273.9230769230769
HW-149351,Helen Wasserman,Corporate,3557,-245.51099999999994,10,355.7
EM-142002,Evan Minnotte,Home Office,3557,858.0300000000001,5,711.4
SP-208603,Sung Pak,Corporate,3553,290.45495999999997,8,444.125
HR-147702,Hallie Redmond,Home Office,3553,667.782,5,710.6
CM-119351,Carlos Meador,Consumer,3551,752.4924000000001,6,591.8333333333334
GM-146801,Greg Matthias,Consumer,3550,472.77479999999997,12,295.8333333333333
YS-218801,Yana Sorensen,Corporate,3547,-409.5299999999999,4,886.75
BD-117702,Bryan Davis,Consumer,3543,977.709,7,506.14285714285717
JB-159252,Joni Blumstein,Consumer,3542,1003.587,3,1180.6666666666667
BF-110053,Barry Franz,Home Office,3540,-611.4902399999999,5,708.0
DL-134954,Dionis Lloyd,Corporate,3540,-52.78799999999998,8,442.5
CG-125202,Claire Gute,Consumer,3538,673.005,6,589.6666666666666
SJ-202151,Sarah Jordon,Consumer,3535,714.6504,9,392.77777777777777
AR-104052,Allen Rosenblatt,Corporate,3532,-231.957,7,504.57142857142856
CS-119503,Carlos Soltero,Consumer,3530,63.735039999999955,7,504.2857142857143
CS-121302,Chad Sievert,Consumer,3528,381.072,4,882.0
SC-200951,Sanjit Chand,Consumer,3523,605.721,6,587.1666666666666
EL-137352,Ed Ludwig,Home Office,3520,625.6080000000001,6,586.6666666666666
AJ-109453,Ashley Jarboe,Consumer,3517,-294.8379999999999,6,586.1666666666666
RP-198551,Roy Phan,Corporate,3516,-176.79809999999998,5,703.2
AH-106902,Anna Häberlin,Corporate,3514,790.008,9,390.44444444444446
BD-116201,Brian DeCherney,Consumer,3514,-419.3415,9,390.44444444444446
JK-160902,Juliana Krohn,Consumer,3514,317.937,11,319.45454545454544
RB-193602,Raymond Buch,Consumer,3511,967.7339999999999,6,585.1666666666666
ES-140204,Erica Smith,Consumer,3511,1003.2935,5,702.2
SC-203052,Sean Christensen,Consumer,3511,-418.017,9,390.1111111111111
JR-156702,Jim Radford,Consumer,3510,74.493,8,438.75
DM-135252,Don Miller,Corporate,3505,-1682.97,4,876.25
JH-161801,Justin Hirsh,Consumer,3505,858.8303999999999,10,350.5
RR-195251,Rick Reed,Corporate,3504,244.87260000000003,6,584.0
HF-149952,Herbert Flentye,Consumer,3497,-722.091,8,437.125
BM-116503,Brian Moss,Corporate,3497,995.4890800000001,3,1165.6666666666667
RW-196904,Robert Waldorf,Consumer,3495,707.5503,5,699.0
MH-174401,Mark Haberlin,Corporate,3492,266.3088,8,436.5
SP-206202,Stefania Perrino,Corporate,3492,-1259.28,7,498.85714285714283
AG-106754,Anna Gayman,Consumer,3489,-246.42570000000003,7,498.42857142857144
KD-162703,Karen Daniels,Consumer,3488,604.796,8,436.0
ED-138854,Emily Ducich,Home Office,3487,670.4435,8,435.875
TB-215203,Tracy Blumstein,Consumer,3486,497.9231199999999,5,697.2
ND-183702,Natalie DeCherney,Consumer,3485,755.2395,3,1161.6666666666667
SM-209051,Susan MacKendrick,Consumer,3483,788.6664,7,497.57142857142856
AW-108403,Anthony Witt,Consumer,3480,635.59352,9,386.6666666666667
TB-216252,Trudy Brown,Consumer,3478,574.158,6,579.6666666666666
LC-169602,Lindsay Castell,Home Office,3477,830.094,8,434.625
SN-207101,Steve Nguyen,Home Office,3474,783.216,4,868.5
CM-124453,Chuck Magee,Consumer,3473,238.45507999999998,11,315.72727272727275
JD-60601,Julia Dunbar,Consumer,3471,630.828,6,578.5
EB-141101,Eugene Barchas,Consumer,3471,861.2973000000001,5,694.2
LO-171702,Lori Olson,Corporate,3470,1171.365,10,347.0
ME-177251,Max Engle,Consumer,3465,118.0104,9,385.0
SD-204851,Shirley Daniels,Home Office,3462,403.20390000000003,9,384.6666666666667
DA-134501,Dianna Arnett,Home Office,3460,186.3387,6,576.6666666666666
PW-190304,Pauline Webber,Corporate,3454,803.8169,10,345.4
MH-174402,Mark Haberlin,Corporate,3454,293.049,8,431.75
VM-216853,Valerie Mitchum,Home Office,3452,223.84431999999998,10,345.2
AG-104951,Andrew Gjertsen,Corporate,3451,463.533,6,575.1666666666666
MV-81901,Mike Vittorini,Consumer,3445,87.59999999999992,4,861.25
PB-188051,Patrick Bzostek,Home Office,3440,767.9934000000001,5,688.0
JF-154901,Jeremy Farry,Consumer,3438,821.0609999999999,8,429.75
BG-116951,Brooke Gillingham,Corporate,3436,295.5255,6,572.6666666666666
AB-101651,Alan Barnes,Consumer,3435,578.784,5,687.0
DH-136751,Duane Huffman,Home Office,3433,520.6545,3,1144.3333333333333
VG-217902,Vivek Gonzalez,Consumer,3430,12.919500000000014,5,686.0
CD-119802,Carol Darley,Consumer,3430,476.235,7,490.0
AH-751,Adam Hart,Corporate,3426,842.31,6,571.0
JD-161503,Justin Deggeller,Corporate,3425,515.48108,10,342.5
SF-202004,Sarah Foster,Consumer,3424,286.9046,9,380.44444444444446
CL-125652,Clay Ludtke,Consumer,3424,-1374.255,9,380.44444444444446
FC-142454,Frank Carlisle,Home Office,3419,1217.1662000000001,7,488.42857142857144
MJ-177401,Max Jones,Consumer,3419,543.1920000000001,9,379.8888888888889
GP-47401,Guy Phonely,Corporate,3415,985.95,4,853.75
DH-36751,Duane Huffman,Home Office,3412,1160.046,6,568.6666666666666
DW-134802,Dianna Wilson,Home Office,3412,979.266,4,853.0
JD-160151,Joy Daniels,Consumer,3410,-416.01270000000005,5,682.0
GP-147402,Guy Phonely,Corporate,3409,172.089,9,378.77777777777777
SH-199754,Sally Hughsby,Corporate,3408,558.4739999999999,13,262.15384615384613
SG-200804,Sandra Glassco,Consumer,3406,570.438,3,1135.3333333333333
AJ-109452,Ashley Jarboe,Consumer,3402,945.831,7,486.0
MC-181001,Mick Crebagga,Consumer,3397,-842.0304,8,424.625
DP-130001,Darren Powers,Consumer,3395,369.2844,7,485.0
CB-120251,Cassandra Brandow,Consumer,3393,-565.5803999999999,5,678.6
JM-156553,Jim Mitchum,Corporate,3393,-417.14264000000003,11,308.45454545454544
DB-134053,Denny Blanton,Consumer,3390,94.67876000000001,7,484.2857142857143
TC-111452,Theresa Coyne,Corporate,3384,1057.086,7,483.42857142857144
CV-128051,Cynthia Voltz,Corporate,3384,815.496,5,676.8
LH-169003,Lena Hernandez,Consumer,3384,-225.48611999999997,7,483.42857142857144
JF-51902,Jamie Frazer,Consumer,3383,-2428.062,6,563.8333333333334
PG-188951,Paul Gonzalez,Consumer,3381,240.02280000000002,8,422.625
AG-103903,Allen Goldenen,Consumer,3380,520.3936,8,422.5
DJ-35103,Don Jones,Corporate,3376,694.53,3,1125.3333333333333
DV-30452,Darrin Van Huff,Corporate,3374,-98.65200000000002,10,337.4
PF-192251,Phillip Flathmann,Consumer,3374,987.5967,10,337.4
TS-216554,Trudy Schmidt,Consumer,3368,220.91629999999998,5,673.6
JF-55651,Jill Fjeld,Consumer,3367,848.28,3,1122.3333333333333
AT-104353,Alyssa Tate,Home Office,3364,843.152,8,420.5
SC-200204,Sam Craven,Consumer,3364,-317.0508,5,672.8
KL-166451,Ken Lonsdale,Consumer,3364,-888.7874999999999,5,672.8
AG-103003,Aleksandra Gannaway,Corporate,3364,120.09999999999997,8,420.5
VP-217604,Victoria Pisteka,Corporate,3361,-1018.7768,7,480.14285714285717
TW-210251,Tamara Willingham,Home Office,3359,1442.7816,7,479.85714285714283
DJ-136304,Doug Jacobs,Consumer,3357,731.5644,3,1119.0
PC-187451,Pamela Coakley,Corporate,3356,-664.6542,7,479.42857142857144
GZ-145451,George Zrebassa,Corporate,3355,302.5494,8,419.375
RA-198853,Ruben Ausman,Corporate,3354,557.98408,4,838.5
FM-142901,Frank Merwin,Home Office,3353,580.5188999999999,7,479.0
EM-138253,Elizabeth Moffitt,Corporate,3349,49.870560000000005,7,478.42857142857144
MM-182802,Muhammed MacIntyre,Corporate,3349,1142.748,5,669.8
PF-191653,Philip Fox,Consumer,3347,258.868,8,418.375
AB-100602,Adam Bellavance,Home Office,3345,1020.066,5,669.0
JS-158801,John Stevenson,Consumer,3345,1042.4661,6,557.5
EB-141703,Evan Bailliet,Consumer,3344,-441.58,10,334.4
DV-134654,Dianna Vittorini,Consumer,3343,353.2127,6,557.1666666666666
SC-208453,Sung Chung,Consumer,3341,250.04352,12,278.4166666666667
SF-209654,Sylvia Foulston,Corporate,3338,539.9352,9,370.8888888888889
HA-149052,Helen Abelman,Consumer,3337,824.61,5,667.4
DC-128504,Dan Campbell,Consumer,3336,-1441.6313,9,370.6666666666667
OT-187303,Olvera Toch,Consumer,3330,657.68136,8,416.25
JK-153253,Jason Klamczynski,Corporate,3330,204.16332,7,475.7142857142857
SD-204853,Shirley Daniels,Home Office,3330,800.492,4,832.5
DR-128801,Dan Reichenbach,Corporate,3328,-204.1665,7,475.42857142857144
SH-206351,Stefanie Holloman,Corporate,3327,271.1733,6,554.5
JG-153102,Jason Gross,Corporate,3327,327.156,5,665.4
AP-109154,Arthur Prichep,Consumer,3324,579.3113,10,332.4
JL-152353,Janet Lee,Consumer,3320,1087.5806400000001,5,664.0
EH-139453,Eric Hoffmann,Consumer,3320,689.55952,10,332.0
DK-133754,Dennis Kane,Consumer,3318,377.0799,8,414.75
JM-152653,Janet Molinari,Corporate,3318,505.548,7,474.0
SS-101403,Saphhira Shifley,Corporate,3316,1061.4,3,1105.3333333333333
MZ-73352,Maria Zettner,Home Office,3314,404.67600000000004,4,828.5
QJ-192552,Quincy Jones,Corporate,3314,1275.0900000000001,3,1104.6666666666667
KH-163304,Katharine Harms,Corporate,3313,454.7871,8,414.125
NR-185503,Nick Radford,Consumer,3313,839.98168,7,473.2857142857143
CM-119353,Carlos Meador,Consumer,3313,790.796,4,828.25
DW-34803,Dianna Wilson,Home Office,3311,360.51,6,551.8333333333334
HD-47851,Harold Dahlen,Home Office,3311,822.528,6,551.8333333333334
RF-193454,Randy Ferguson,Corporate,3310,633.7072,8,413.75
SJ-205003,Shirley Jackson,Consumer,3308,1003.3679999999999,6,551.3333333333334
GD-145903,Giulietta Dortch,Corporate,3307,489.98279999999994,7,472.42857142857144
GK-146202,Grace Kelly,Corporate,3307,1147.647,5,661.4
DB-129103,Daniel Byrd,Home Office,3307,-914.548,10,330.7
EB-139301,Eric Barreto,Consumer,3305,254.5929,8,413.125
PR-188801,Patrick Ryan,Consumer,3303,-296.9643,8,412.875
RL-196153,Rob Lucas,Consumer,3303,922.56448,7,471.85714285714283
RR-195254,Rick Reed,Corporate,3301,721.6826,6,550.1666666666666
SH-203953,Shahid Hopkins,Consumer,3300,412.46384,5,660.0
BM-116502,Brian Moss,Corporate,3296,637.887,7,470.85714285714283
PB-191503,Philip Brown,Consumer,3294,-434.21103999999997,12,274.5
TS-215052,Tony Sayre,Consumer,3294,210.744,4,823.5
RS-194203,Ricardo Sperren,Corporate,3292,517.68768,7,470.2857142857143
SJ-205001,Shirley Jackson,Consumer,3292,783.639,8,411.5
SG-200801,Sandra Glassco,Consumer,3290,1109.6118,6,548.3333333333334
SC-208452,Sung Chung,Consumer,3289,480.80400000000003,5,657.8
BD-116054,Brian Dahlen,Consumer,3288,634.8463,7,469.7142857142857
BS-116654,Brian Stugart,Consumer,3288,238.73680000000002,3,1096.0
RK-193001,Ralph Kennedy,Consumer,3288,297.97799999999995,5,657.6
DF-131352,David Flashing,Consumer,3288,912.3180000000001,4,822.0
JL-151753,James Lanier,Home Office,3286,923.86376,10,328.6
RW-196304,Rob Williams,Corporate,3280,698.8325,9,364.44444444444446
BW-110653,Barry Weirich,Consumer,3280,77.69179999999997,5,656.0
SM-203202,Sean Miller,Home Office,3279,620.043,7,468.42857142857144
PJ-190152,Pauline Johnson,Consumer,3278,717.9390000000001,5,655.6
SH-203952,Shahid Hopkins,Consumer,3278,409.26300000000003,8,409.75
RA-192851,Ralph Arnett,Consumer,3278,795.99,2,1639.0
MC-181302,Mike Caudle,Corporate,3277,681.348,3,1092.3333333333333
SF-100652,Sandra Flanagan,Consumer,3276,767.0699999999999,4,819.0
DL-129254,Daniel Lacy,Consumer,3274,4.213200000000029,6,545.6666666666666
KC-166753,Kimberly Carter,Corporate,3272,194.87363999999997,7,467.42857142857144
ER-38552,Elpida Rittenbach,Corporate,3271,220.8360000000001,5,654.2
BG-117402,Bruce Geld,Consumer,3270,849.3824999999999,7,467.14285714285717
MK-179053,Michael Kennedy,Corporate,3269,-582.576,10,326.9
TH-211153,Thea Hudgings,Corporate,3269,430.99168,11,297.1818181818182
CY-127451,Craig Yedwab,Corporate,3267,1117.5906,8,408.375
EH-139452,Eric Hoffmann,Consumer,3265,831.5579999999999,4,816.25
CP-120853,Cathy Prescott,Corporate,3262,-366.26,7,466.0
JH-154301,Jennifer Halladay,Consumer,3258,-513.8202,10,325.8
RB-94652,Rick Bensley,Home Office,3257,1227.84,2,1628.5
JO-151454,Jack O'Briant,Corporate,3257,581.4045,9,361.8888888888889
DK-128354,Damala Kotsonis,Corporate,3256,881.1228,12,271.3333333333333
AS-100904,Adam Shillingsburg,Consumer,3255,64.53739999999995,9,361.6666666666667
DS-130301,Darrin Sayre,Home Office,3254,-355.2825,6,542.3333333333334
PS-187603,Pamela Stobb,Consumer,3252,494.964,8,406.5
BH-17102,Brosina Hoffman,Consumer,3251,1019.796,7,464.42857142857144
AH-100754,Adam Hart,Corporate,3251,281.189,10,325.1
HG-149654,Henry Goldwyn,Corporate,3250,-2797.9635,12,270.8333333333333
LC-169604,Lindsay Castell,Home Office,3247,299.48019999999997,4,811.75
CS-123551,Christine Sundaresam,Consumer,3244,-1149.543,5,648.8
TS-213701,Todd Sumrall,Corporate,3242,501.393,6,540.3333333333334
TC-215351,Tracy Collins,Home Office,3241,864.0561,7,463.0
CT-119954,Carol Triggs,Consumer,3241,161.22629999999998,8,405.125
EB-137504,Edward Becker,Corporate,3236,-80.28599999999999,10,323.6
PV-89852,Paul Van Hugh,Home Office,3235,612.846,2,1617.5
SR-204254,Sharelle Roach,Home Office,3234,-3333.9143999999997,5,646.8
LW-169904,Lindsay Williams,Corporate,3232,662.8339,6,538.6666666666666
MH-174552,Mark Hamilton,Consumer,3228,472.48199999999997,8,403.5
TT-210702,Ted Trevino,Consumer,3223,290.6625,9,358.1111111111111
PA-90601,Pete Armstrong,Home Office,3223,896.511,3,1074.3333333333333
RS-194204,Ricardo Sperren,Corporate,3221,633.4514,5,644.2
ML-173953,Marina Lichtenstein,Corporate,3221,547.78788,7,460.14285714285717
JK-156403,Jim Kriz,Home Office,3219,355.572,9,357.6666666666667
SG-206053,Speros Goranitis,Consumer,3217,302.16436,9,357.44444444444446
AM-103601,Alice McCarthy,Corporate,3217,291.9576,8,402.125
LS-172002,Luke Schmidt,Corporate,3216,-197.8125,3,1072.0
AS-102854,Alejandro Savely,Corporate,3215,354.62760000000003,6,535.8333333333334
SC-207253,Steven Cartwright,Consumer,3215,-330.87791999999996,7,459.2857142857143
VM-216851,Valerie Mitchum,Home Office,3213,170.73000000000002,11,292.09090909090907
AG-103001,Aleksandra Gannaway,Corporate,3212,385.78020000000004,5,642.4
JJ-154451,Jennifer Jackson,Consumer,3212,664.6164,6,535.3333333333334
SC-205752,Sonia Cooley,Consumer,3210,585.432,9,356.6666666666667
RS-198702,Roy Skaria,Home Office,3208,835.4535000000001,7,458.2857142857143
MP-174704,Mark Packer,Home Office,3207,600.2873,7,458.14285714285717
BW-111103,Bart Watters,Corporate,3206,414.652,5,641.2
CS-123554,Christine Sundaresam,Consumer,3201,831.9432,11,291.0
BT-116804,Brian Thompson,Consumer,3197,447.7484,7,456.7142857142857
TS-213402,Toby Swindell,Consumer,3196,174.675,7,456.57142857142856
DG-133004,Deirdre Greer,Corporate,3195,562.7761,5,639.0
MO-175003,Mary O'Rourke,Consumer,3190,322.0712,11,290.0
EM-140951,Eudokia Martin,Corporate,3189,-419.55629999999996,4,797.25
BD-113202,Bill Donatelli,Consumer,3189,249.111,8,398.625
CS-118603,Cari Schnelling,Consumer,3188,-219.04668000000004,7,455.42857142857144
NG-183553,Nat Gilpin,Corporate,3188,749.32036,7,455.42857142857144
CD-122802,Christina DeMoss,Consumer,3185,601.827,6,530.8333333333334
JC-157752,John Castell,Consumer,3185,866.469,8,398.125
MN-179352,Michael Nguyen,Consumer,3182,86.589,5,636.4
BF-111703,Ben Ferrer,Home Office,3179,368.94324,8,397.375
HH-150103,Hilary Holden,Corporate,3178,397.42431999999997,8,397.25
JB-160453,Julia Barnett,Home Office,3176,759.98528,7,453.7142857142857
JL-155054,Jeremy Lonsdale,Consumer,3175,591.7163,6,529.1666666666666
SC-207703,Stewart Carmichael,Corporate,3174,781.20108,9,352.6666666666667
BP-112901,Beth Paige,Consumer,3172,504.6585,8,396.5
TC-214752,Tony Chapman,Home Office,3170,244.155,4,792.5
RA-92853,Ralph Arnett,Consumer,3170,-1741.6379999999997,6,528.3333333333334
MG-181451,Mike Gockenbach,Consumer,3170,1048.0092,5,634.0
CD-119803,Carol Darley,Consumer,3170,16.37815999999999,7,452.85714285714283
DL-129253,Daniel Lacy,Consumer,3169,100.69920000000002,8,396.125
BT-114401,Bobby Trafton,Consumer,3168,166.7175,5,633.6
GM-146804,Greg Matthias,Consumer,3164,35.48649999999999,6,527.3333333333334
CS-125053,Cindy Stewart,Consumer,3164,325.552,6,527.3333333333334
JE-157152,Joe Elijah,Consumer,3163,734.397,10,316.3
JP-154602,Jennifer Patt,Corporate,3163,760.3290000000001,7,451.85714285714283
JM-152504,Janet Martin,Consumer,3158,19.82350000000005,6,526.3333333333334
PV-89851,Paul Van Hugh,Home Office,3156,911.5799999999999,4,789.0
CK-122054,Chloris Kastensmidt,Consumer,3154,141.2831,13,242.6153846153846
MC-175753,Matt Collins,Consumer,3154,129.14196,10,315.4
KB-162404,Karen Bern,Corporate,3152,763.9076,7,450.2857142857143
MS-177704,Maxwell Schwartz,Consumer,3146,280.85839999999996,9,349.55555555555554
AB-1501,Aimee Bixby,Consumer,3145,862.14,4,786.25
TS-216103,Troy Staebel,Consumer,3140,558.888,9,348.8888888888889
RC-199601,Ryan Crowe,Consumer,3140,1022.8371,5,628.0
TC-215353,Tracy Collins,Home Office,3138,546.5360000000001,11,285.27272727272725
DP-130003,Darren Powers,Consumer,3135,354.22,5,627.0
RD-199004,Ruben Dartt,Consumer,3134,455.5292,9,348.22222222222223
MG-182053,Mitch Gastineau,Corporate,3134,49.504599999999996,10,313.4
EJ-141553,Eva Jacobs,Consumer,3131,622.0298,5,626.2
SP-205451,Sibella Parks,Corporate,3130,713.4807000000001,6,521.6666666666666
TN-210404,Tanja Norvell,Home Office,3129,-692.0452,7,447.0
SN-207104,Steve Nguyen,Home Office,3128,481.7499,7,446.85714285714283
EB-137052,Ed Braxton,Corporate,3127,687.0,6,521.1666666666666
SG-206054,Speros Goranitis,Consumer,3126,463.269,6,521.0
IM-50551,Ionia McGrath,Consumer,3118,466.2,3,1039.3333333333333
FW-143953,Fred Wasserman,Corporate,3118,422.998,12,259.8333333333333
RE-194053,Ricardo Emerson,Consumer,3116,769.78808,7,445.14285714285717
GM-146802,Greg Matthias,Consumer,3115,-2162.064,5,623.0
MN-179353,Michael Nguyen,Consumer,3112,412.51811999999995,6,518.6666666666666
AG-109002,Arthur Gainer,Consumer,3108,551.1795000000001,8,388.5
BW-110651,Barry Weirich,Consumer,3107,198.09210000000002,5,621.4
BD-117701,Bryan Davis,Consumer,3106,681.6201,5,621.2
JD-157903,John Dryer,Consumer,3104,-160.68864,8,388.0
KH-163604,Katherine Hughes,Consumer,3102,528.2051,6,517.0
SF-202002,Sarah Foster,Consumer,3100,435.606,6,516.6666666666666
VP-217303,Victor Preis,Home Office,3100,1161.7894000000001,8,387.5
PK-190751,Pete Kriz,Consumer,3098,-297.2565,5,619.6
JK-57302,Joe Kamberova,Consumer,3097,1316.97,3,1032.3333333333333
ON-187151,Odella Nelson,Corporate,3094,-41.53859999999997,7,442.0
AH-2101,Alan Hwang,Consumer,3090,423.6,2,1545.0
PG-188204,Patrick Gardner,Consumer,3088,137.46130000000002,13,237.53846153846155
HZ-149502,Henia Zydlo,Consumer,3085,821.8335,6,514.1666666666666
PB-91502,Philip Brown,Consumer,3085,751.194,7,440.7142857142857
DC-128501,Dan Campbell,Consumer,3085,155.81550000000004,7,440.7142857142857
EH-141254,Eugene Hildebrand,Home Office,3084,96.27019999999999,10,308.4
LL-68401,Lauren Leatherbury,Consumer,3082,410.88,4,770.5
SW-202752,Scott Williamson,Consumer,3081,-335.50350000000003,5,616.2
ED-138852,Emily Ducich,Home Office,3080,83.89200000000001,8,385.0
GM-144554,Gary Mitchum,Home Office,3078,793.2814000000001,6,513.0
JD-161502,Justin Deggeller,Corporate,3075,179.091,6,512.5
EB-141104,Eugene Barchas,Consumer,3073,184.7656,6,512.1666666666666
CV-28051,Cynthia Voltz,Corporate,3070,930.924,3,1023.3333333333334
DK-133752,Dennis Kane,Consumer,3069,90.34500000000001,5,613.8
MG-181454,Mike Gockenbach,Consumer,3062,-93.603,4,765.5
CM-18301,Cari MacIntyre,Corporate,3061,-38.28299999999999,5,612.2
MJ-177403,Max Jones,Consumer,3061,-28.717000000000027,6,510.1666666666667
TG-213104,Toby Gnade,Consumer,3059,682.1704000000001,5,611.8
KM-166602,Khloe Miller,Consumer,3059,681.783,7,437.0
KT-164654,Kean Takahito,Consumer,3058,254.0032,7,436.85714285714283
MC-175903,Matt Collister,Corporate,3057,357.42168000000004,11,277.90909090909093
SS-204104,Shahid Shariari,Consumer,3056,-1010.9738,6,509.3333333333333
SL-201554,Sara Luxemburg,Home Office,3053,527.9715000000001,7,436.14285714285717
RS-197651,Roland Schwarz,Corporate,3052,445.329,5,610.4
AS-100454,Aaron Smayling,Corporate,3051,-253.5746,7,435.85714285714283
AH-100753,Adam Hart,Corporate,3044,1105.30792,6,507.3333333333333
GZ-145452,George Zrebassa,Corporate,3043,708.7650000000001,5,608.6
CA-22652,Christina Anderson,Consumer,3042,356.058,6,507.0
CS-124003,Christopher Schild,Home Office,3041,727.1993600000001,5,608.2
CA-127754,Cynthia Arntzen,Consumer,3040,204.48950000000002,7,434.2857142857143
KA-165253,Kelly Andreada,Consumer,3039,281.01672,7,434.14285714285717
CS-119504,Carlos Soltero,Consumer,3038,-126.4223,11,276.1818181818182
KC-162551,Karen Carlisle,Corporate,3037,558.0332999999999,8,379.625
DG-133003,Deirdre Greer,Corporate,3034,482.764,7,433.42857142857144
LA-67802,Laura Armstrong,Corporate,3030,59.66999999999999,9,336.6666666666667
RF-193452,Randy Ferguson,Corporate,3029,1069.59,5,605.8
VD-216703,Valerie Dominguez,Consumer,3028,347.952,5,605.6
LC-168853,Lena Creighton,Consumer,3025,-520.352,5,605.0
DL-128652,Dan Lawera,Consumer,3023,-850.7819999999999,10,302.3
AY-105552,Andy Yotov,Corporate,3023,1041.768,3,1007.6666666666666
RD-98101,Ross DeVincentis,Home Office,3021,749.88,5,604.2
CM-118153,Candace McMahon,Corporate,3020,-926.648,6,503.3333333333333
MW-182352,Mitch Willingham,Corporate,3020,-1258.9769999999999,7,431.42857142857144
DN-136902,Duane Noonan,Consumer,3020,267.26099999999997,5,604.0
TS-214302,Tom Stivers,Corporate,3018,-167.9865,5,603.6
JD-160602,Julia Dunbar,Consumer,3015,-768.171,7,430.7142857142857
RM-196752,Robert Marley,Home Office,3011,340.482,8,376.375
NF-184751,Neil Französisch,Home Office,3008,758.9205,6,501.3333333333333
BS-118002,Bryan Spruell,Home Office,3002,431.784,6,500.3333333333333
PB-188053,Patrick Bzostek,Home Office,3001,348.03184,5,600.2
RW-196301,Rob Williams,Corporate,3001,839.4468,4,750.25
RH-195552,Ritsa Hightower,Consumer,2999,-238.68600000000006,9,333.22222222222223
BW-12001,Ben Wallace,Consumer,2997,765.846,3,999.0
XP-218653,Xylona Preis,Consumer,2996,27.560000000000002,5,599.2
GR-145602,Georgia Rosenberg,Corporate,2996,249.24300000000005,6,499.3333333333333
MY-82951,Muhammed Yedwab,Corporate,2993,569.1030000000001,6,498.8333333333333
LS-169754,Lindsay Shagiari,Home Office,2989,262.63669999999996,9,332.1111111111111
SC-208451,Sung Chung,Consumer,2987,673.0155,5,597.4
MH-180254,Michelle Huthwaite,Consumer,2986,476.90319999999997,5,597.2
FA-142304,Frank Atkinson,Corporate,2984,520.5229,7,426.2857142857143
TG-216401,Trudy Glocke,Consumer,2980,467.1705,9,331.1111111111111
MC-72752,Marc Crier,Consumer,2979,605.73,2,1489.5
DH-130753,Dave Hallsten,Corporate,2978,160.89199999999997,9,330.8888888888889
DB-131204,David Bremer,Corporate,2974,-1421.7692000000002,7,424.85714285714283
Dl-136002,Dorris liebe,Corporate,2973,376.13100000000003,6,495.5
DA-134502,Dianna Arnett,Home Office,2972,-945.204,7,424.57142857142856
TH-215503,Tracy Hopkins,Home Office,2972,393.076,10,297.2
FH-142752,Frank Hawley,Corporate,2972,504.342,6,495.3333333333333
MG-176502,Matthew Grinstein,Home Office,2972,666.327,4,743.0
BE-114552,Brad Eason,Home Office,2971,335.961,7,424.42857142857144
RE-194503,Richard Eichhorn,Consumer,2970,-166.77396,2,1485.0
NS-186404,Noel Staavos,Corporate,2966,-234.7714,13,228.15384615384616
SM-209503,Suzanne McNair,Corporate,2966,33.81523999999998,7,423.7142857142857
RB-94352,Richard Bierner,Consumer,2964,-1785.9060000000002,4,741.0
RA-192853,Ralph Arnett,Consumer,2964,856.52,5,592.8
RP-193903,Resi Pölking,Consumer,2963,-808.1640000000001,9,329.22222222222223
TB-215951,Troy Blackwell,Consumer,2963,369.294,9,329.22222222222223
RH-194953,Rick Hansen,Consumer,2961,725.6279999999999,10,296.1
RD-96601,Robert Dilbeck,Home Office,2960,798.972,4,740.0
JW-160753,Julia West,Consumer,2959,672.1320000000001,5,591.8
JD-161501,Justin Deggeller,Corporate,2958,-883.6431000000001,4,739.5
PB-191051,Peter Bühler,Consumer,2957,1143.6,4,739.25
TM-210104,Tamara Manning,Consumer,2955,573.3013,8,369.375
BP-10501,Barry Pond,Corporate,2953,969.384,4,738.25
PO-188653,Patrick O'Donnell,Consumer,2952,156.9148,10,295.2
FH-143501,Fred Harton,Consumer,2950,766.9997999999999,3,983.3333333333334
LP-170801,Liz Pelletier,Consumer,2949,-75.9705,5,589.8
DG-33001,Deirdre Greer,Corporate,2949,317.088,5,589.8
AB-101052,Adrian Barton,Consumer,2949,276.918,6,491.5
JP-161352,Julie Prescott,Home Office,2948,606.933,10,294.8
CK-123254,Christine Kargatis,Home Office,2946,261.22090000000003,5,589.2
TH-211154,Thea Hudgings,Corporate,2942,-252.5539,4,735.5
MC-176051,Matt Connell,Corporate,2942,-243.60150000000002,4,735.5
BG-110353,Barry Gonzalez,Consumer,2942,538.44,10,294.2
CV-122953,Christina VanderZanden,Consumer,2940,-155.68752000000003,6,490.0
JL-158352,John Lee,Consumer,2939,475.548,5,587.8
LH-71553,Logan Haushalter,Consumer,2937,670.8,6,489.5
MF-176653,Maureen Fritzler,Corporate,2935,434.32344,7,419.2857142857143
LT-171104,Liz Thompson,Consumer,2935,320.97299999999996,8,366.875
BC-111254,Becky Castell,Home Office,2934,251.5974,9,326.0
SG-204701,Sheri Gordon,Consumer,2933,1272.0153,6,488.8333333333333
JK-161204,Julie Kriz,Home Office,2933,122.65659999999998,10,293.3
DM-130152,Darrin Martin,Consumer,2930,-265.20599999999996,10,293.0
KB-162401,Karen Bern,Corporate,2930,228.738,5,586.0
KM-67201,Kunst Miller,Consumer,2928,1122.024,3,976.0
JJ-154452,Jennifer Jackson,Consumer,2926,444.111,5,585.2
NP-183252,Naresj Patel,Consumer,2922,189.69899999999998,7,417.42857142857144
ML-174104,Maris LaWare,Consumer,2922,-76.17550000000003,6,487.0
MM-82802,Muhammed MacIntyre,Corporate,2922,863.64,7,417.42857142857144
SW-204554,Shaun Weien,Consumer,2922,793.6548,7,417.42857142857144
EA-140351,Erin Ashbrook,Corporate,2922,526.0668000000001,6,487.0
EB-138701,Emily Burns,Consumer,2920,-225.2193,4,730.0
BP-111853,Ben Peterman,Corporate,2919,-250.10708000000005,7,417.0
AP-107203,Anne Pryor,Home Office,2919,695.2546,3,973.0
BT-113052,Beth Thompson,Home Office,2919,545.691,8,364.875
LW-172151,Luke Weiss,Consumer,2914,-296.60999999999996,8,364.25
RD-195854,Rob Dowd,Consumer,2913,734.5158,10,291.3
TS-216552,Trudy Schmidt,Consumer,2910,195.933,8,363.75
BP-112903,Beth Paige,Consumer,2908,376.79628,9,323.1111111111111
BM-115753,Brendan Murry,Corporate,2908,291.94908,6,484.6666666666667
RR-195252,Rick Reed,Corporate,2907,965.034,6,484.5
JK-152052,Jamie Kunitz,Consumer,2905,335.091,6,484.1666666666667
CL-127002,Craig Leslie,Home Office,2902,350.29499999999996,8,362.75
RC-199602,Ryan Crowe,Consumer,2901,532.254,7,414.42857142857144
CY-127454,Craig Yedwab,Corporate,2900,60.64670000000001,8,362.5
JF-53552,Jay Fein,Consumer,2900,-2357.436,5,580.0
IG-150852,Ivan Gibson,Consumer,2899,790.6650000000001,8,362.375
ND-184604,Neil Ducich,Corporate,2894,443.33680000000004,6,482.3333333333333
MZ-173351,Maria Zettner,Home Office,2892,244.0383,6,482.0
IM-150703,Irene Maddox,Consumer,2891,-59.74608000000006,6,481.8333333333333
MT-178154,Meg Tillman,Consumer,2890,509.0068,6,481.6666666666667
BF-110204,Barry Französisch,Corporate,2889,302.02,8,361.125
SS-205152,Shirley Schmidt,Home Office,2889,-285.4440000000001,6,481.5
RA-198852,Ruben Ausman,Corporate,2886,763.401,7,412.2857142857143
DS-131804,David Smith,Corporate,2882,163.6993,9,320.22222222222223
AS-2852,Alejandro Savely,Corporate,2881,223.10999999999999,6,480.1666666666667
MC-181303,Mike Caudle,Corporate,2881,-216.96800000000002,11,261.90909090909093
DB-134052,Denny Blanton,Consumer,2879,107.70150000000001,7,411.2857142857143
MG-76801,Maureen Gastineau,Home Office,2878,333.07800000000003,5,575.6
FW-143952,Fred Wasserman,Corporate,2878,616.995,5,575.6
TG-116403,Trudy Glocke,Consumer,2876,628.251,5,575.2
PV-189854,Paul Van Hugh,Home Office,2875,434.52840000000003,5,575.0
HE-148002,Harold Engle,Corporate,2874,948.48,6,479.0
MF-182503,Monica Federle,Corporate,2874,271.137,6,479.0
JE-154751,Jeremy Ellison,Consumer,2873,815.364,5,574.6
IM-150554,Ionia McGrath,Consumer,2872,975.7701,3,957.3333333333334
TH-212353,Tiffany House,Corporate,2870,-313.28400000000005,5,574.0
CC-124304,Chuck Clark,Home Office,2869,424.6583,10,286.9
SM-200053,Sally Matthias,Consumer,2868,808.936,5,573.6
CK-23252,Christine Kargatis,Home Office,2867,494.01,4,716.75
SO-203353,Sean O'Donnell,Consumer,2866,376.57132,8,358.25
JE-161651,Justin Ellison,Corporate,2865,495.045,7,409.2857142857143
FH-143651,Fred Hopkins,Corporate,2864,152.20649999999998,7,409.14285714285717
SV-108153,Stuart Van,Corporate,2863,-627.678,6,477.1666666666667
SG-208903,Susan Gilcrest,Corporate,2863,-433.43564000000003,6,477.1666666666667
MC-75752,Matt Collins,Consumer,2859,796.638,5,571.8
BD-117703,Bryan Davis,Consumer,2859,597.2201600000001,8,357.375
PT-190903,Pete Takahito,Consumer,2858,498.822,8,357.25
GH-144103,Gary Hansen,Home Office,2856,-587.56752,10,285.6
CC-126854,Craig Carroll,Consumer,2854,850.1591,4,713.5
AW-109304,Arthur Wiediger,Home Office,2853,-104.5486,7,407.57142857142856
JJ-154453,Jennifer Jackson,Consumer,2852,-254.92800000000003,3,950.6666666666666
BD-17251,Bruce Degenhardt,Consumer,2849,762.528,4,712.25
MG-178902,Michael Granlund,Home Office,2846,122.41499999999999,9,316.22222222222223
EA-140354,Erin Ashbrook,Corporate,2846,-52.74059999999996,13,218.92307692307693
MH-172902,Marc Harrigan,Home Office,2845,527.052,8,355.625
LS-169454,Linda Southworth,Corporate,2845,-318.77369999999996,6,474.1666666666667
VD-216701,Valerie Dominguez,Consumer,2844,-90.3846,6,474.0
KH-166903,Kristen Hastings,Corporate,2844,749.628,7,406.2857142857143
MC-172752,Marc Crier,Consumer,2843,95.60549999999999,9,315.8888888888889
DB-129703,Darren Budd,Corporate,2840,213.00289999999998,5,568.0
GR-145601,Georgia Rosenberg,Corporate,2840,188.51909999999998,9,315.55555555555554
SK-199902,Sally Knutson,Consumer,2838,581.4795,4,709.5
JM-161954,Justin MacKendrick,Consumer,2834,754.1143999999999,10,283.4
SV-107851,Stewart Visinsky,Consumer,2833,277.32000000000005,3,944.3333333333334
RH-94951,Rick Hansen,Consumer,2833,311.52,1,2833.0
CV-122954,Christina VanderZanden,Consumer,2832,493.0861,5,566.4
CS-124901,Cindy Schnelling,Corporate,2831,171.51,8,353.875
BC-111251,Becky Castell,Home Office,2829,1124.484,2,1414.5
BD-113201,Bill Donatelli,Consumer,2828,-231.579,5,565.6
SC-202601,Scott Cohen,Corporate,2826,243.0294,9,314.0
MA-175602,Matt Abelman,Home Office,2823,-574.947,4,705.75
TP-215653,Tracy Poddar,Corporate,2821,619.64,8,352.625
TS-216104,Troy Staebel,Consumer,2820,-294.69809999999995,7,402.85714285714283
GH-144104,Gary Hansen,Home Office,2819,-576.8335,9,313.22222222222223
DK-129852,Darren Koutras,Consumer,2819,550.398,9,313.22222222222223
KB-166003,Ken Brennan,Corporate,2818,6.7879999999999825,6,469.6666666666667
SS-205903,Sonia Sunley,Consumer,2816,992.74,5,563.2
CP-20853,Cathy Prescott,Corporate,2814,333.51,6,469.0
JK-161203,Julie Kriz,Home Office,2809,248.82664,5,561.8
KF-62852,Karen Ferguson,Home Office,2808,-653.79,6,468.0
PA-190603,Pete Armstrong,Home Office,2808,70.76056,7,401.14285714285717
NB-186551,Nona Balk,Corporate,2804,781.5336,5,560.8
RF-198401,Roy Französisch,Consumer,2803,617.667,7,400.42857142857144
LP-170803,Liz Pelletier,Consumer,2799,-386.21199999999993,8,349.875
BG-110354,Barry Gonzalez,Consumer,2799,-711.4274,8,349.875
PT-190901,Pete Takahito,Consumer,2798,-496.203,6,466.3333333333333
TB-216254,Trudy Brown,Consumer,2798,379.882,9,310.8888888888889
PM-191351,Peter McVee,Home Office,2796,-541.0521,4,699.0
MV-181902,Mike Vittorini,Consumer,2796,440.74199999999996,10,279.6
TB-216253,Trudy Brown,Consumer,2795,607.716,6,465.8333333333333
CR-25801,Clay Rozendal,Home Office,2793,1030.284,3,931.0
BS-115901,Brendan Sweed,Corporate,2791,223.89600000000002,7,398.7142857142857
GZ-144703,Gary Zandusky,Consumer,2789,-237.096,10,278.9
FC-143351,Fred Chung,Corporate,2788,266.3427,6,464.6666666666667
RD-196604,Robert Dilbeck,Home Office,2787,835.772,5,557.4
MH-177852,Maya Herman,Corporate,2780,750.564,5,556.0
TN-210403,Tanja Norvell,Home Office,2779,821.17104,8,347.375
AT-104351,Alyssa Tate,Home Office,2779,502.0815,6,463.1666666666667
JC-157754,John Castell,Consumer,2773,279.5692,9,308.1111111111111
KL-165552,Kelly Lampkin,Corporate,2771,504.81,7,395.85714285714283
JD-158953,Jonathan Doherty,Corporate,2770,418.88692,9,307.77777777777777
PF-191654,Philip Fox,Consumer,2770,196.87389999999994,6,461.6666666666667
EB-138704,Emily Burns,Consumer,2768,261.53150000000005,10,276.8
LR-169153,Lena Radford,Consumer,2765,275.49656,7,395.0
JK-57301,Joe Kamberova,Consumer,2764,772.77,3,921.3333333333334
MH-74401,Mark Haberlin,Corporate,2763,656.25,5,552.6
MS-177103,Maurice Satty,Consumer,2762,448.13976,7,394.57142857142856
TG-213101,Toby Gnade,Consumer,2762,569.6976,9,306.8888888888889
JF-154902,Jeremy Farry,Consumer,2761,-345.1335,5,552.2
JD-160603,Julia Dunbar,Consumer,2760,248.20496000000003,7,394.2857142857143
EH-141253,Eugene Hildebrand,Home Office,2760,446.52012,5,552.0
RA-92851,Ralph Arnett,Consumer,2760,103.19399999999997,7,394.2857142857143
EK-137952,Eileen Kiefer,Home Office,2758,577.2360000000001,5,551.6
CS-122504,Chris Selesnick,Corporate,2757,738.3626,12,229.75
BD-115603,Brendan Dodson,Home Office,2756,616.81764,6,459.3333333333333
ML-180401,Michelle Lonsdale,Corporate,2753,562.788,5,550.6
JR-156703,Jim Radford,Consumer,2753,-612.204,5,550.6
MM-180554,Michelle Moray,Consumer,2752,-520.3443,8,344.0
SV-203652,Seth Vernon,Consumer,2750,291.34499999999997,3,916.6666666666666
CA-120551,Cathy Armstrong,Home Office,2746,322.581,5,549.2
KB-165854,Ken Black,Corporate,2745,579.3551,12,228.75
GZ-145453,George Zrebassa,Corporate,2743,805.3244,7,391.85714285714283
TS-210852,Thais Sissman,Consumer,2743,316.617,5,548.6
SM-200052,Sally Matthias,Consumer,2741,-330.75600000000003,7,391.57142857142856
LL-168404,Lauren Leatherbury,Consumer,2740,560.0078,6,456.6666666666667
AC-106152,Ann Chong,Corporate,2738,-394.92,5,547.6
TS-212053,Thomas Seio,Corporate,2737,274.19652,5,547.4
CA-123102,Christine Abelman,Corporate,2734,-32.57099999999999,7,390.57142857142856
BF-112152,Benjamin Farhat,Home Office,2734,-1831.035,7,390.57142857142856
EC-140501,Erin Creighton,Consumer,2733,282.3021,7,390.42857142857144
TD-209952,Tamara Dahlen,Consumer,2730,-628.9799999999999,6,455.0
AA-106452,Anna Andreadi,Consumer,2730,219.05700000000002,9,303.3333333333333
DJ-136302,Doug Jacobs,Consumer,2730,781.737,9,303.3333333333333
MC-172754,Marc Crier,Consumer,2727,461.0014,8,340.875
JL-158504,John Lucas,Consumer,2726,779.9046,6,454.3333333333333
KC-162553,Karen Carlisle,Corporate,2725,474.752,10,272.5
KN-163903,Katherine Nockton,Corporate,2724,618.18324,6,454.0
ML-173954,Marina Lichtenstein,Corporate,2723,684.9162,9,302.55555555555554
EB-37051,Ed Braxton,Corporate,2720,506.96999999999997,2,1360.0
SV-209352,Susan Vittorini,Consumer,2719,416.223,5,543.8
PV-189851,Paul Van Hugh,Home Office,2717,410.1435,9,301.8888888888889
CL-25651,Clay Ludtke,Consumer,2713,755.9700000000001,4,678.25
MS-175303,MaryBeth Skach,Consumer,2710,-846.7662399999999,8,338.75
JK-153704,Jay Kimmel,Consumer,2710,330.2838,8,338.75
CL-118902,Carl Ludwig,Consumer,2709,604.371,6,451.5
JL-158353,John Lee,Consumer,2707,-218.988,6,451.1666666666667
IM-150701,Irene Maddox,Consumer,2706,-227.49779999999996,5,541.2
CC-124752,Cindy Chapman,Consumer,2705,547.776,5,541.0
PJ-188351,Patrick Jones,Corporate,2704,461.298,3,901.3333333333334
NF-183853,Natalie Fritzler,Consumer,2703,856.188,2,1351.5
RS-197653,Roland Schwarz,Corporate,2702,317.50028,8,337.75
JE-161654,Justin Ellison,Corporate,2698,789.6476,3,899.3333333333334
RD-97201,Roger Demir,Consumer,2698,758.7,4,674.5
DO-134352,Denny Ordway,Consumer,2697,77.112,3,899.0
MS-178301,Melanie Seite,Consumer,2696,597.7803,6,449.3333333333333
LC-169302,Linda Cazamias,Corporate,2689,722.967,7,384.14285714285717
DB-132103,Dean Braden,Consumer,2689,442.55999999999995,5,537.8
MD-178602,Michael Dominguez,Corporate,2689,436.818,9,298.77777777777777
ER-138551,Elpida Rittenbach,Corporate,2687,-697.866,5,537.4
DB-36151,Doug Bickford,Consumer,2686,917.5020000000001,3,895.3333333333334
BT-115304,Bradley Talbott,Home Office,2684,409.4983,5,536.8
TP-214151,Tom Prescott,Consumer,2683,378.1821,8,335.375
BO-113504,Bill Overfelt,Corporate,2682,278.77700000000004,5,536.4
MT-180701,Michelle Tran,Home Office,2682,-47.48339999999999,10,268.2
FO-143054,Frank Olsen,Consumer,2681,215.59689999999998,10,268.1
BT-114851,Brad Thomas,Home Office,2681,438.7047,8,335.125
JP-54603,Jennifer Patt,Corporate,2680,194.718,8,335.0
LL-168401,Lauren Leatherbury,Consumer,2678,709.3689,5,535.6
NH-186104,Nicole Hansen,Corporate,2673,760.1666,7,381.85714285714283
MH-181152,Mick Hernandez,Home Office,2669,623.778,4,667.25
DJ-135101,Don Jones,Corporate,2668,655.6509,6,444.6666666666667
CM-121602,Charles McCrossin,Consumer,2667,136.569,7,381.0
AC-6601,Anna Chung,Consumer,2666,726.12,3,888.6666666666666
SG-200803,Sandra Glassco,Consumer,2666,396.5926,5,533.2
JF-151902,Jamie Frazer,Consumer,2665,715.407,7,380.7142857142857
DR-128803,Dan Reichenbach,Corporate,2664,415.0788,9,296.0
VF-217152,Vicky Freymann,Home Office,2663,64.632,4,665.75
ND-184603,Neil Ducich,Corporate,2663,583.13872,5,532.6
RB-194354,Richard Bierner,Consumer,2663,477.2399,8,332.875
KB-162403,Karen Bern,Corporate,2661,489.5,7,380.14285714285717
NF-185951,Nicole Fjeld,Home Office,2661,357.795,4,665.25
JL-58352,John Lee,Consumer,2657,928.26,3,885.6666666666666
EJ-141554,Eva Jacobs,Consumer,2657,451.87550000000005,5,531.4
SG-206051,Speros Goranitis,Consumer,2654,549.8262,10,265.4
VB-217452,Victoria Brennan,Corporate,2653,-69.65100000000001,5,530.6
DK-130904,Dave Kipp,Consumer,2652,536.3935,7,378.85714285714283
CW-119051,Carl Weiss,Home Office,2652,194.346,6,442.0
JH-159852,Joseph Holt,Consumer,2652,-106.47899999999998,6,442.0
EL-137353,Ed Ludwig,Home Office,2651,315.96400000000006,9,294.55555555555554
TC-109802,Tamara Chand,Corporate,2650,395.58000000000004,6,441.6666666666667
TS-214301,Tom Stivers,Corporate,2649,196.6311,9,294.3333333333333
CA-122654,Christina Anderson,Consumer,2649,279.6183,9,294.3333333333333
DN-136901,Duane Noonan,Consumer,2649,314.46900000000005,6,441.5
AG-103902,Allen Goldenen,Consumer,2646,28.842000000000006,4,661.5
GB-145753,Giulietta Baptist,Consumer,2637,-3.097520000000001,7,376.7142857142857
MH-181151,Mick Hernandez,Home Office,2634,659.79,9,292.6666666666667
LC-171404,Logan Currie,Consumer,2633,231.1252,9,292.55555555555554
LH-170201,Lisa Hazard,Consumer,2632,14.730000000000018,3,877.3333333333334
BT-14852,Brad Thomas,Home Office,2630,-267.006,6,438.3333333333333
LC-169301,Linda Cazamias,Corporate,2629,328.983,7,375.57142857142856
SV-208153,Stuart Van,Corporate,2629,669.19168,9,292.1111111111111
DK-128351,Damala Kotsonis,Corporate,2628,449.78069999999997,7,375.42857142857144
JG-151603,James Galang,Consumer,2628,134.736,8,328.5
GT-147552,Guy Thornton,Consumer,2625,342.28200000000004,8,328.125
HR-47703,Hallie Redmond,Home Office,2620,333.132,4,655.0
AG-105253,Andy Gerbode,Corporate,2620,23.816000000000003,5,524.0
GZ-44701,Gary Zandusky,Consumer,2619,637.9499999999999,2,1309.5
RA-192854,Ralph Arnett,Consumer,2619,546.0882,9,291.0
TT-112651,Tim Taslimi,Corporate,2618,829.86,6,436.3333333333333
KN-163904,Katherine Nockton,Corporate,2618,-151.1518,9,290.8888888888889
QJ-192553,Quincy Jones,Corporate,2616,-624.844,7,373.7142857142857
MC-176352,Matthew Clasen,Corporate,2615,330.0,7,373.57142857142856
JE-157452,Joel Eaton,Consumer,2614,207.786,7,373.42857142857144
KN-167051,Kristina Nunn,Home Office,2614,565.53,4,653.5
JM-158653,John Murray,Consumer,2613,524.8720000000001,5,522.6
TM-210103,Tamara Manning,Consumer,2611,664.772,3,870.3333333333334
Co-126403,Corey-Lock,Consumer,2607,141.73695999999998,6,434.5
PO-88651,Patrick O'Donnell,Consumer,2607,98.868,4,651.75
SE-201101,Sanjit Engle,Consumer,2606,546.6255,7,372.2857142857143
SO-203354,Sean O'Donnell,Consumer,2603,-81.0858,6,433.8333333333333
TB-211751,Thomas Boland,Corporate,2603,208.78140000000002,7,371.85714285714283
MH-174551,Mark Hamilton,Consumer,2602,584.1816,6,433.6666666666667
CV-122951,Christina VanderZanden,Consumer,2602,555.1077,5,520.4
MK-179052,Michael Kennedy,Corporate,2601,411.2265,5,520.2
CA-122653,Christina Anderson,Consumer,2601,432.6378,7,371.57142857142856
RO-97801,Rose O'Brian,Consumer,2597,598.53,7,371.0
SU-206654,Stephanie Ulpright,Home Office,2596,763.4719,7,370.85714285714283
TA-113852,Tom Ashbrook,Home Office,2594,-659.742,2,1297.0
CR-126253,Corey Roper,Home Office,2593,198.50528,7,370.42857142857144
NG-84303,Nathan Gelder,Consumer,2591,685.41,4,647.75
CG-125203,Claire Gute,Consumer,2591,434.59152,3,863.6666666666666
PB-191053,Peter Bühler,Consumer,2587,537.192,3,862.3333333333334
HA-149204,Helen Andreada,Consumer,2586,99.14450000000001,8,323.25
AT-107351,Annie Thurman,Consumer,2586,778.5339,4,646.5
JK-152053,Jamie Kunitz,Consumer,2584,494.284,8,323.0
AG-102704,Alejandro Grove,Consumer,2584,732.7399,5,516.8
JL-151303,Jack Lebron,Consumer,2583,322.32704,10,258.3
AR-105703,Anemone Ratner,Consumer,2581,360.25912,6,430.1666666666667
JL-158501,John Lucas,Consumer,2581,-433.266,4,645.25
LC-168704,Lena Cacioppo,Consumer,2579,-188.2511,8,322.375
SC-206954,Steve Chapman,Corporate,2578,611.8291,10,257.8
NS-185054,Neola Schneider,Consumer,2576,-12.303999999999991,4,644.0
PM-189403,Paul MacIntyre,Consumer,2575,29.20739999999995,9,286.1111111111111
DE-32552,Deanra Eno,Home Office,2573,28.619999999999987,6,428.8333333333333
MB-173053,Maria Bertelson,Consumer,2573,616.48592,3,857.6666666666666
TP-215651,Tracy Poddar,Corporate,2570,361.4613,8,321.25
TB-213551,Todd Boyes,Corporate,2568,775.3050000000001,3,856.0
BT-113054,Beth Thompson,Home Office,2568,417.5918,5,513.6
DB-136151,Doug Bickford,Consumer,2567,705.39,5,513.4
EM-138104,Eleni McCrary,Corporate,2567,-133.8275,5,513.4
FC-142453,Frank Carlisle,Home Office,2566,410.54,4,641.5
JF-155653,Jill Fjeld,Consumer,2565,931.17716,4,641.25
MZ-175154,Mary Zewe,Corporate,2565,787.7503,6,427.5
TZ-214452,Tom Zandusky,Corporate,2565,486.678,4,641.25
BS-117554,Bruce Stewart,Consumer,2564,-113.29840000000002,7,366.2857142857143
TB-215953,Troy Blackwell,Consumer,2561,776.7719999999999,7,365.85714285714283
FH-43652,Fred Hopkins,Corporate,2561,484.428,8,320.125
LS-169753,Lindsay Shagiari,Home Office,2560,763.492,6,426.6666666666667
BP-110953,Bart Pistole,Corporate,2560,42.36799999999999,8,320.0
DM-135251,Don Miller,Corporate,2553,364.092,6,425.5
PT-190902,Pete Takahito,Consumer,2553,234.10199999999998,7,364.7142857142857
MP-179651,Michael Paige,Corporate,2552,-194.1963,7,364.57142857142856
DE-132554,Deanra Eno,Home Office,2551,464.47139999999996,5,510.2
PO-188651,Patrick O'Donnell,Consumer,2550,325.674,8,318.75
MJ-177402,Max Jones,Consumer,2549,485.634,4,637.25
GM-146951,Greg Maxwell,Corporate,2548,739.851,4,637.0
TM-214903,Tony Molinari,Consumer,2543,990.0884,5,508.6
CC-126104,Corey Catlett,Corporate,2541,331.43399999999997,7,363.0
TB-115201,Tracy Blumstein,Consumer,2540,568.809,4,635.0
JM-161951,Justin MacKendrick,Consumer,2539,403.6878,8,317.375
AC-106154,Ann Chong,Corporate,2538,298.8273,5,507.6
JO-151451,Jack O'Briant,Corporate,2538,652.5989999999999,4,634.5
CP-123402,Christine Phan,Corporate,2537,376.5,7,362.42857142857144
BD-115002,Bradley Drucker,Consumer,2534,-56.3805,8,316.75
HF-149954,Herbert Flentye,Consumer,2534,-13.876800000000005,7,362.0
DK-128952,Dana Kaydos,Consumer,2533,-400.97700000000003,5,506.6
SC-102602,Scott Cohen,Corporate,2533,-101.8320000000001,6,422.1666666666667
CM-121604,Charles McCrossin,Consumer,2533,-394.3686,6,422.1666666666667
HP-148153,Harold Pawlan,Home Office,2529,-112.736,8,316.125
HZ-49501,Henia Zydlo,Consumer,2525,2.3400000000000034,3,841.6666666666666
PO-191952,Phillina Ober,Home Office,2524,479.70000000000005,3,841.3333333333334
FM-143804,Fred McMath,Consumer,2523,191.4898,9,280.3333333333333
AB-101503,Aimee Bixby,Consumer,2523,648.2496,9,280.3333333333333
TS-211601,Theresa Swint,Corporate,2521,253.19100000000003,5,504.2
CS-122501,Chris Selesnick,Corporate,2520,526.8198,5,504.0
MH-180253,Michelle Huthwaite,Consumer,2520,473.15999999999997,5,504.0
RD-198103,Ross DeVincentis,Home Office,2519,416.41296,7,359.85714285714283
PN-187752,Parhena Norris,Home Office,2519,226.146,13,193.76923076923077
JS-160304,Joy Smith,Consumer,2519,-311.2575,6,419.8333333333333
FG-142602,Frank Gastineau,Home Office,2518,538.8855,4,629.5
DH-136752,Duane Huffman,Home Office,2518,260.442,3,839.3333333333334
JB-160454,Julia Barnett,Home Office,2518,201.51850000000002,5,503.6
SJ-201253,Sanjit Jacobs,Home Office,2515,779.544,5,503.0
SC-106801,Steve Carroll,Home Office,2511,490.38,2,1255.5
CL-127003,Craig Leslie,Home Office,2506,741.652,9,278.44444444444446
RF-93453,Randy Ferguson,Corporate,2506,532.47,2,1253.0
LB-167953,Laurel Beltran,Home Office,2504,156.93671999999998,8,313.0
DE-132553,Deanra Eno,Home Office,2503,344.884,8,312.875
TT-212203,Thomas Thornton,Consumer,2503,366.78416,4,625.75
DJ-135104,Don Jones,Corporate,2502,345.2521,8,312.75
SP-206503,Stephanie Phelps,Corporate,2501,392.45664,6,416.8333333333333
CB-125353,Claudia Bergmann,Corporate,2500,-59.322160000000046,8,312.5
LE-168101,Laurel Elliston,Consumer,2499,227.01570000000004,9,277.6666666666667
PB-192103,Phillip Breyer,Corporate,2497,-134.4156,7,356.7142857142857
AH-104654,Amy Hunt,Consumer,2495,-196.12009999999998,5,499.0
RE-194502,Richard Eichhorn,Consumer,2495,578.6700000000001,4,623.75
BD-16202,Brian DeCherney,Consumer,2494,708.06,7,356.2857142857143
PO-188654,Patrick O'Donnell,Consumer,2494,437.8533,7,356.2857142857143
CJ-118753,Carl Jackson,Corporate,2494,137.88956000000002,5,498.8
BD-116202,Brian DeCherney,Consumer,2490,581.304,7,355.7142857142857
EH-140053,Erica Hernandez,Home Office,2489,488.90799999999996,8,311.125
BT-115302,Bradley Talbott,Home Office,2488,192.699,7,355.42857142857144
CC-24751,Cindy Chapman,Consumer,2488,731.3489999999999,4,622.0
NZ-185654,Nick Zandusky,Home Office,2487,402.42359999999996,9,276.3333333333333
MA-175603,Matt Abelman,Home Office,2486,66.70648,4,621.5
TH-212351,Tiffany House,Corporate,2484,-166.41,5,496.8
DG-133002,Deirdre Greer,Corporate,2484,80.88,6,414.0
AH-1953,Alan Haines,Corporate,2483,-681.564,6,413.8333333333333
AB-152,Aaron Bergman,Consumer,2481,577.08,3,827.0
KL-165553,Kelly Lampkin,Corporate,2480,-67.51599999999999,6,413.3333333333333
MN-179354,Michael Nguyen,Consumer,2477,290.8227,6,412.8333333333333
RB-197951,Ross Baird,Home Office,2476,341.1975,8,309.5
BT-114403,Bobby Trafton,Consumer,2476,124.84,6,412.6666666666667
GT-47551,Guy Thornton,Consumer,2475,251.43,2,1237.5
AS-101352,Adrian Shami,Home Office,2474,340.821,3,824.6666666666666
SH-199753,Sally Hughsby,Corporate,2474,87.57363999999998,5,494.8
CS-118601,Cari Schnelling,Consumer,2474,-356.166,2,1237.0
CC-121454,Charles Crestani,Consumer,2473,392.28249999999997,7,353.2857142857143
BP-112904,Beth Paige,Consumer,2472,-319.0637,7,353.14285714285717
DW-34802,Dianna Wilson,Home Office,2469,1201.1100000000001,2,1234.5
JB-154003,Jennifer Braxton,Corporate,2468,241.6654,8,308.5
EG-139003,Emily Grady,Consumer,2468,4.458879999999997,5,493.6
BV-112453,Benjamin Venier,Corporate,2464,-171.948,3,821.3333333333334
LO-171703,Lori Olson,Corporate,2462,427.80740000000003,5,492.4
SS-204101,Shahid Shariari,Consumer,2462,772.7673,6,410.3333333333333
NC-183404,Nat Carroll,Consumer,2461,580.3075,5,492.2
RB-93302,Randy Bradley,Consumer,2458,331.2,3,819.3333333333334
FM-142154,Filia McAdams,Corporate,2456,249.68079999999998,10,245.6
MC-178453,Michael Chen,Consumer,2456,369.43452,9,272.8888888888889
MH-174554,Mark Hamilton,Consumer,2456,484.7733,8,307.0
BS-115904,Brendan Sweed,Corporate,2455,381.7807,6,409.1666666666667
BF-109752,Barbara Fisher,Corporate,2455,369.92249999999996,2,1227.5
GZ-145454,George Zrebassa,Corporate,2454,828.6610000000001,4,613.5
VM-216854,Valerie Mitchum,Home Office,2454,513.5269,7,350.57142857142856
RM-197501,Roland Murray,Consumer,2453,657.8937,6,408.8333333333333
MA-179954,Michelle Arnett,Home Office,2453,280.7822,6,408.8333333333333
PG-188203,Patrick Gardner,Consumer,2453,151.664,8,306.625
RH-194951,Rick Hansen,Consumer,2452,-103.02540000000003,8,306.5
ND-183703,Natalie DeCherney,Consumer,2452,775.69732,8,306.5
CA-19652,Carol Adams,Corporate,2448,-51.31800000000004,5,489.6
TH-112352,Tiffany House,Corporate,2447,562.038,6,407.8333333333333
MT-178153,Meg Tillman,Consumer,2446,-274.932,5,489.2
MC-175901,Matt Collister,Corporate,2445,341.25,1,2445.0
MC-172751,Marc Crier,Consumer,2443,-25.736399999999996,9,271.44444444444446
BT-113053,Beth Thompson,Home Office,2443,-2.8860000000000046,8,305.375
BP-110954,Bart Pistole,Corporate,2442,433.9751,12,203.5
RS-194201,Ricardo Sperren,Corporate,2441,49.87379999999999,7,348.7142857142857
VD-216702,Valerie Dominguez,Consumer,2441,368.31,4,610.25
CH-120701,Cathy Hwang,Home Office,2440,367.1208,5,488.0
AY-5552,Andy Yotov,Corporate,2436,438.588,6,406.0
NZ-185653,Nick Zandusky,Home Office,2436,306.07412,4,609.0
GA-145153,George Ashbrook,Consumer,2436,-139.51168,8,304.5
AR-108253,Anthony Rawles,Corporate,2435,131.224,11,221.36363636363637
TT-112652,Tim Taslimi,Corporate,2433,439.9320000000001,3,811.0
BN-115152,Bradley Nguyen,Consumer,2433,631.0515,5,486.6
ND-83702,Natalie DeCherney,Consumer,2431,597.384,4,607.75
SS-204103,Shahid Shariari,Consumer,2430,-200.81631999999996,10,243.0
JH-159103,Jonathan Howell,Consumer,2429,426.316,5,485.8
MC-175904,Matt Collister,Corporate,2427,288.98409999999996,6,404.5
PF-192253,Phillip Flathmann,Consumer,2427,55.742,4,606.75
BP-110952,Bart Pistole,Corporate,2425,280.056,8,303.125
RF-193453,Randy Ferguson,Corporate,2424,248.0238,6,404.0
TH-211004,Thea Hendricks,Consumer,2423,-135.21249999999998,5,484.6
TZ-215803,Tracy Zic,Consumer,2422,-1860.956,7,346.0
SG-104702,Sheri Gordon,Consumer,2420,567.24,2,1210.0
HD-147853,Harold Dahlen,Home Office,2419,-1240.846,13,186.07692307692307
MS-173652,Maribeth Schnelling,Consumer,2419,-313.326,5,483.8
MG-181453,Mike Gockenbach,Consumer,2416,569.312,11,219.63636363636363
BH-117101,Brosina Hoffman,Consumer,2412,594.7452,4,603.0
MO-78002,Meg O'Connel,Home Office,2411,326.982,3,803.6666666666666
VG-218052,Vivek Grady,Corporate,2410,3.8999999999999915,5,482.0
TP-214153,Tom Prescott,Consumer,2409,432.60692,6,401.5
AA-103751,Allen Armold,Consumer,2407,577.935,4,601.75
DJ-35101,Don Jones,Corporate,2406,846.51,3,802.0
SV-209353,Susan Vittorini,Consumer,2406,63.02720000000001,5,481.2
GM-144402,Gary McGarr,Consumer,2402,-837.747,6,400.3333333333333
RS-198703,Roy Skaria,Home Office,2399,97.11728000000001,7,342.7142857142857
BT-113051,Beth Thompson,Home Office,2394,-52.22100000000001,3,798.0
JB-160452,Julia Barnett,Home Office,2394,-912.924,6,399.0
MH-172904,Marc Harrigan,Home Office,2393,28.761200000000017,6,398.8333333333333
NK-84901,Neil Knudson,Home Office,2393,731.04,4,598.25
DF-131354,David Flashing,Consumer,2391,-259.3097,3,797.0
GM-144403,Gary McGarr,Consumer,2390,681.38188,4,597.5
DB-132701,Deborah Brumfield,Home Office,2386,143.07,8,298.25
DH-130752,Dave Hallsten,Corporate,2386,380.32050000000004,5,477.2
BD-115003,Bradley Drucker,Consumer,2385,510.788,7,340.7142857142857
NP-183253,Naresj Patel,Consumer,2382,385.584,6,397.0
SF-202003,Sarah Foster,Consumer,2380,657.0640000000001,5,476.0
HK-148901,Heather Kirkland,Corporate,2378,215.3406,5,475.6
RB-196451,Robert Barroso,Corporate,2377,306.81539999999995,3,792.3333333333334
BM-117853,Bryan Mills,Consumer,2377,263.472,5,475.4
ES-140203,Erica Smith,Consumer,2377,365.84924,7,339.57142857142856
KD-166153,Ken Dana,Corporate,2376,179.71312,8,297.0
AB-100153,Aaron Bergman,Consumer,2375,694.54,8,296.875
JK-153252,Jason Klamczynski,Corporate,2375,113.265,5,475.0
XP-218654,Xylona Preis,Consumer,2375,621.23,11,215.9090909090909
AS-102401,Alan Shonely,Consumer,2374,341.4552,7,339.14285714285717
JS-158802,John Stevenson,Consumer,2373,-109.54800000000003,6,395.5
SR-207403,Steven Roelle,Home Office,2373,-142.7826,8,296.625
RR-193152,Ralph Ritter,Consumer,2372,472.19100000000003,5,474.4
CK-125954,Clytie Kelty,Consumer,2372,497.70980000000003,11,215.63636363636363
CV-128054,Cynthia Voltz,Corporate,2372,98.99749999999999,9,263.55555555555554
JD-158951,Jonathan Doherty,Corporate,2372,343.7283,7,338.85714285714283
JF-154154,Jennifer Ferguson,Consumer,2371,635.6376,6,395.1666666666667
LS-172302,Lycoris Saunders,Consumer,2369,440.39099999999996,6,394.8333333333333
NR-185504,Nick Radford,Consumer,2368,-25.148799999999987,5,473.6
KM-167202,Kunst Miller,Consumer,2368,160.14,5,473.6
RM-197502,Roland Murray,Consumer,2363,453.24,3,787.6666666666666
GH-146653,Greg Hansen,Consumer,2359,15.430320000000005,6,393.1666666666667
AS-102403,Alan Shonely,Consumer,2358,304.59015999999997,8,294.75
JG-151154,Jack Garza,Consumer,2358,684.1911,3,786.0
AG-104954,Andrew Gjertsen,Corporate,2356,295.6668,8,294.5
CL-127004,Craig Leslie,Home Office,2354,229.0099,5,470.8
MC-175752,Matt Collins,Consumer,2352,595.905,6,392.0
PJ-190153,Pauline Johnson,Consumer,2352,-606.00944,6,392.0
MG-176804,Maureen Gastineau,Home Office,2351,25.88859999999999,4,587.75
SC-103051,Sean Christensen,Consumer,2350,-407.46000000000004,5,470.0
JK-53701,Jay Kimmel,Consumer,2350,-578.028,4,587.5
HK-148903,Heather Kirkland,Corporate,2349,429.828,6,391.5
CM-122353,Chris McAfee,Consumer,2346,346.3098,4,586.5
RF-197354,Roland Fjeld,Consumer,2342,711.6168,7,334.57142857142856
RP-98551,Roy Phan,Corporate,2342,785.8199999999999,2,1171.0
NS-186401,Noel Staavos,Corporate,2341,699.969,6,390.1666666666667
DW-134803,Dianna Wilson,Home Office,2340,-664.2244,7,334.2857142857143
EM-138254,Elizabeth Moffitt,Corporate,2340,682.5542,8,292.5
JS-160303,Joy Smith,Consumer,2337,-126.84332000000003,5,467.4
JM-56551,Jim Mitchum,Corporate,2336,334.34999999999997,6,389.3333333333333
NC-184152,Nathan Cano,Consumer,2335,482.466,4,583.75
DB-132104,Dean Braden,Consumer,2333,169.9679,10,233.3
TT-212653,Tim Taslimi,Corporate,2333,-411.464,10,233.3
DB-135551,Dorothy Badders,Corporate,2331,311.553,8,291.375
DO-136452,Doug O'Connell,Consumer,2329,186.339,6,388.1666666666667
LW-171252,Liz Willingham,Consumer,2329,120.561,9,258.77777777777777
SC-202303,Scot Coram,Corporate,2329,851.96,3,776.3333333333334
AJ-109451,Ashley Jarboe,Consumer,2329,395.511,9,258.77777777777777
HG-150252,Hunter Glantz,Consumer,2326,493.299,6,387.6666666666667
JO-55502,Jesus Ocampo,Home Office,2325,-68.55000000000001,5,465.0
DB-133601,Dennis Bolton,Home Office,2322,8.266800000000002,8,290.25
HF-149951,Herbert Flentye,Consumer,2320,181.2849,6,386.6666666666667
SA-208301,Sue Ann Reed,Consumer,2320,-467.928,9,257.77777777777777
MO-178003,Meg O'Connel,Home Office,2319,241.94,7,331.2857142857143
SV-208152,Stuart Van,Corporate,2319,109.2075,4,579.75
PV-189852,Paul Van Hugh,Home Office,2313,394.7595,7,330.42857142857144
EJ-141552,Eva Jacobs,Consumer,2313,184.50900000000001,6,385.5
MR-175453,Mathew Reese,Home Office,2312,486.2,3,770.6666666666666
CM-122354,Chris McAfee,Consumer,2306,365.0387,5,461.2
GW-146053,Giulietta Weimer,Consumer,2306,69.612,3,768.6666666666666
BF-110802,Bart Folk,Consumer,2303,-47.901000000000025,4,575.75
MK-179054,Michael Kennedy,Corporate,2302,-405.3559,8,287.75
FM-143801,Fred McMath,Consumer,2301,844.8237,5,460.2
LH-169004,Lena Hernandez,Consumer,2298,526.0726999999999,9,255.33333333333334
AC-104502,Amy Cox,Consumer,2295,614.1899999999999,4,573.75
CK-127602,Cyma Kinney,Corporate,2293,412.899,6,382.1666666666667
JC-53852,Jenna Caffey,Consumer,2291,-895.167,4,572.75
EM-138103,Eleni McCrary,Corporate,2290,561.08304,8,286.25
EP-139152,Emily Phan,Consumer,2289,171.189,5,457.8
LC-171401,Logan Currie,Consumer,2287,356.01,5,457.4
AG-106752,Anna Gayman,Consumer,2284,206.21099999999998,7,326.2857142857143
JF-151904,Jamie Frazer,Consumer,2280,575.1259,7,325.7142857142857
NC-83401,Nat Carroll,Consumer,2280,729.12,5,456.0
KN-167054,Kristina Nunn,Home Office,2280,329.76250000000005,8,285.0
JE-161652,Justin Ellison,Corporate,2278,539.883,6,379.6666666666667
FH-143504,Fred Harton,Consumer,2273,706.289,4,568.25
JH-59101,Jonathan Howell,Consumer,2272,-311.556,4,568.0
TR-113251,Toby Ritter,Consumer,2272,644.556,2,1136.0
CC-126704,Craig Carreira,Consumer,2271,187.8399,7,324.42857142857144
AR-5102,Andrew Roberts,Consumer,2267,-106.09200000000003,8,283.375
JK-56252,Jim Karlsson,Consumer,2264,869.5500000000001,1,2264.0
AA-106453,Anna Andreadi,Consumer,2263,396.4992,9,251.44444444444446
BE-114104,Bobby Elias,Consumer,2262,755.9151,5,452.4
KM-162254,Kalyca Meade,Corporate,2261,635.1057,6,376.8333333333333
DO-34351,Denny Ordway,Consumer,2261,547.362,5,452.2
CM-119352,Carlos Meador,Consumer,2261,581.532,6,376.8333333333333
MC-176054,Matt Connell,Corporate,2258,195.4486,8,282.25
JH-161804,Justin Hirsh,Consumer,2257,-96.95300000000002,4,564.25
JO-51451,Jack O'Briant,Corporate,2255,532.38,3,751.6666666666666
MY-173804,Maribeth Yedwab,Corporate,2255,319.1211,7,322.14285714285717
MK-181602,Mike Kennedy,Consumer,2254,14.766000000000016,5,450.8
MW-82202,Mitch Webber,Consumer,2252,475.23,4,563.0
RL-96152,Rob Lucas,Consumer,2251,332.93399999999997,5,450.2
AJ-107952,Anthony Johnson,Corporate,2249,384.966,6,374.8333333333333
CA-120553,Cathy Armstrong,Home Office,2248,388.914,5,449.6
KD-166154,Ken Dana,Corporate,2245,539.7219,5,449.0
TS-215054,Tony Sayre,Consumer,2243,11.37789999999999,6,373.8333333333333
JG-153104,Jason Gross,Corporate,2241,3.7976000000000028,6,373.5
MW-182203,Mitch Webber,Consumer,2241,-670.468,11,203.72727272727272
LW-168254,Laurel Workman,Corporate,2239,32.57670000000002,5,447.8
JC-161051,Julie Creighton,Corporate,2239,11.865000000000004,6,373.1666666666667
PW-190303,Pauline Webber,Corporate,2237,332.12536,4,559.25
AR-104054,Allen Rosenblatt,Corporate,2235,-98.76459999999997,5,447.0
AC-106602,Anna Chung,Consumer,2234,-87.87600000000002,6,372.3333333333333
AA-3152,Alex Avila,Consumer,2234,531.276,6,372.3333333333333
JO-152803,Jas O'Carroll,Consumer,2234,809.3096,7,319.14285714285717
MG-178753,Michael Grace,Home Office,2233,83.55152000000001,8,279.125
BD-17252,Bruce Degenhardt,Consumer,2229,138.492,9,247.66666666666666
AG-103901,Allen Goldenen,Consumer,2228,377.229,2,1114.0
CS-123553,Christine Sundaresam,Consumer,2227,53.804,11,202.45454545454547
TA-113851,Tom Ashbrook,Home Office,2226,696.7320000000001,3,742.0
BS-118003,Bryan Spruell,Home Office,2224,352.108,8,278.0
MV-174851,Mark Van Huff,Consumer,2222,612.6303,5,444.4
GG-146504,Greg Guthrie,Corporate,2222,12.698499999999996,9,246.88888888888889
MC-181004,Mick Crebagga,Consumer,2220,-64.1668,10,222.0
NC-184154,Nathan Cano,Consumer,2219,-2204.8072,6,369.8333333333333
BF-10201,Barry Französisch,Corporate,2217,321.81,5,443.4
DP-131054,Dave Poirier,Corporate,2215,563.1761,8,276.875
HG-150253,Hunter Glantz,Consumer,2211,506.76720000000006,7,315.85714285714283
DV-130452,Darrin Van Huff,Corporate,2210,247.33200000000002,6,368.3333333333333
CM-27152,Craig Molinari,Corporate,2210,358.218,4,552.5
DM-135253,Don Miller,Corporate,2208,193.54768,6,368.0
PF-192254,Phillip Flathmann,Consumer,2207,591.3118000000001,5,441.4
DJ-136303,Doug Jacobs,Consumer,2206,954.0640000000001,4,551.5
AT-107353,Annie Thurman,Consumer,2206,27.683999999999983,7,315.14285714285717
JL-152354,Janet Lee,Consumer,2204,54.51740000000002,5,440.8
BS-18002,Bryan Spruell,Home Office,2203,696.27,4,550.75
MH-177854,Maya Herman,Corporate,2203,238.56140000000002,7,314.7142857142857
JR-162104,Justin Ritter,Corporate,2202,452.373,5,440.4
EN-137804,Edward Nazzal,Consumer,2200,496.11310000000003,4,550.0
TB-212804,Toby Braunhardt,Consumer,2198,490.9567,6,366.3333333333333
SM-100052,Sally Matthias,Consumer,2194,832.1099999999999,5,438.8
TS-213703,Todd Sumrall,Corporate,2191,368.379,6,365.1666666666667
KM-163751,Katherine Murray,Home Office,2191,298.971,4,547.75
MC-175902,Matt Collister,Corporate,2191,349.953,7,313.0
GW-146054,Giulietta Weimer,Consumer,2190,-268.5423,7,312.85714285714283
TT-214603,Tonja Turnell,Home Office,2189,172.09216,10,218.9
AC-106603,Anna Chung,Consumer,2189,-843.87272,6,364.8333333333333
BT-113954,Bill Tyler,Corporate,2188,257.9163,6,364.6666666666667
JK-157303,Joe Kamberova,Consumer,2188,634.944,9,243.11111111111111
TN-210401,Tanja Norvell,Home Office,2186,-459.77399999999994,7,312.2857142857143
PC-190001,Pauline Chand,Home Office,2185,335.1153,9,242.77777777777777
SM-209052,Susan MacKendrick,Consumer,2184,646.455,7,312.0
DO-134353,Denny Ordway,Consumer,2184,112.93,12,182.0
AH-104651,Amy Hunt,Consumer,2183,314.89080000000007,6,363.8333333333333
RD-99301,Russell D'Ascenzo,Consumer,2183,-1345.2120000000002,6,363.8333333333333
BF-10802,Bart Folk,Consumer,2183,924.09,1,2183.0
PS-187604,Pamela Stobb,Consumer,2182,-134.441,6,363.6666666666667
VP-217302,Victor Preis,Home Office,2182,424.839,7,311.7142857142857
GM-146803,Greg Matthias,Consumer,2181,-151.01935999999998,8,272.625
CA-127752,Cynthia Arntzen,Consumer,2181,39.510000000000005,6,363.5
SH-203954,Shahid Hopkins,Consumer,2180,-144.5229,10,218.0
BM-16503,Brian Moss,Corporate,2180,372.954,5,436.0
CS-125051,Cindy Stewart,Consumer,2179,-267.5795999999999,3,726.3333333333334
DB-132101,Dean Braden,Consumer,2179,146.8419,7,311.2857142857143
FA-142301,Frank Atkinson,Corporate,2177,194.16930000000002,5,435.4
DL-134953,Dionis Lloyd,Corporate,2176,503.14,6,362.6666666666667
DB-129104,Daniel Byrd,Home Office,2172,431.3748,8,271.5
KN-164504,Kean Nguyen,Corporate,2171,114.3083,5,434.2
BP-110503,Barry Pond,Corporate,2170,608.95976,6,361.6666666666667
RP-198554,Roy Phan,Corporate,2169,594.5868,8,271.125
IG-150853,Ivan Gibson,Consumer,2169,182.24348,6,361.5
KF-162851,Karen Ferguson,Home Office,2166,500.67150000000004,3,722.0
HA-149054,Helen Abelman,Consumer,2163,270.85740000000004,7,309.0
TB-110552,Ted Butterfield,Consumer,2163,828.42,2,1081.5
NM-185204,Neoma Murray,Consumer,2163,788.9525,10,216.3
TS-211604,Theresa Swint,Corporate,2162,260.8744,6,360.3333333333333
LB-167351,Larry Blacks,Consumer,2161,311.2929,4,540.25
EJ-137204,Ed Jacobs,Consumer,2161,387.0176,4,540.25
AG-107652,Anthony Garverick,Home Office,2159,110.80199999999999,6,359.8333333333333
JS-59403,Joni Sundaresam,Home Office,2158,-56.382000000000005,9,239.77777777777777
LD-170053,Lisa DeCherney,Consumer,2154,197.74064,6,359.0
JD-157904,John Dryer,Consumer,2153,-266.5525,5,430.6
CC-126103,Corey Catlett,Corporate,2152,581.9359999999999,3,717.3333333333334
TM-210101,Tamara Manning,Consumer,2152,299.5686,6,358.6666666666667
AP-9151,Arthur Prichep,Consumer,2151,685.05,3,717.0
CR-125804,Clay Rozendal,Home Office,2149,74.40129999999999,4,537.25
RD-198101,Ross DeVincentis,Home Office,2147,369.069,10,214.7
GA-145152,George Ashbrook,Consumer,2146,-153.33300000000003,6,357.6666666666667
GA-147252,Guy Armstrong,Consumer,2145,125.90399999999998,3,715.0
CK-125953,Clytie Kelty,Consumer,2144,5.482880000000012,7,306.2857142857143
CM-21601,Charles McCrossin,Consumer,2144,271.08,4,536.0
CR-125802,Clay Rozendal,Home Office,2143,809.16,5,428.6
JS-159402,Joni Sundaresam,Home Office,2143,268.341,5,428.6
JR-162103,Justin Ritter,Corporate,2141,254.03199999999998,4,535.25
DN-136904,Duane Noonan,Consumer,2139,540.5405000000001,7,305.57142857142856
SC-107251,Steven Cartwright,Consumer,2136,154.40400000000005,3,712.0
EJ-137203,Ed Jacobs,Consumer,2136,288.68399999999997,8,267.0
NG-183552,Nat Gilpin,Corporate,2134,311.316,6,355.6666666666667
SU-206651,Stephanie Ulpright,Home Office,2131,289.125,5,426.2
AB-151,Aaron Bergman,Consumer,2125,386.64,2,1062.5
KC-162554,Karen Carlisle,Corporate,2122,846.1217,6,353.6666666666667
GT-146353,Grant Thornton,Corporate,2121,340.03124,4,530.25
TB-215202,Tracy Blumstein,Consumer,2119,401.6895,8,264.875
AJ-7952,Anthony Johnson,Corporate,2119,457.17,5,423.8
JM-161953,Justin MacKendrick,Consumer,2117,177.2558,3,705.6666666666666
CS-124001,Christopher Schild,Home Office,2117,688.2105,4,529.25
TS-115051,Tony Sayre,Consumer,2116,-146.98200000000008,3,705.3333333333334
XP-218652,Xylona Preis,Consumer,2114,-152.35199999999998,4,528.5
AG-104953,Andrew Gjertsen,Corporate,2110,320.30956,4,527.5
EB-137503,Edward Becker,Corporate,2109,762.672,3,703.0
JM-155802,Jill Matthias,Consumer,2108,801.9029999999999,5,421.6
AB-100601,Adam Bellavance,Home Office,2107,320.27639999999997,9,234.11111111111111
LC-171403,Logan Currie,Consumer,2106,233.98976000000002,8,263.25
AI-108552,Arianne Irving,Consumer,2105,473.184,7,300.7142857142857
MN-79352,Michael Nguyen,Consumer,2104,-101.952,3,701.3333333333334
SN-205602,Skye Norling,Home Office,2103,442.002,6,350.5
EM-140653,Erin Mull,Consumer,2097,538.75208,6,349.5
LC-170504,Liz Carlisle,Consumer,2096,86.77800000000002,5,419.2
MP-181753,Mike Pelletier,Home Office,2096,576.496,6,349.3333333333333
SH-206354,Stefanie Holloman,Corporate,2096,260.6258,2,1048.0
BM-17851,Bryan Mills,Consumer,2096,437.502,7,299.42857142857144
DC-28502,Dan Campbell,Consumer,2091,209.76,2,1045.5
MD-178603,Michael Dominguez,Corporate,2090,-72.02435999999999,5,418.0
TR-213253,Toby Ritter,Consumer,2090,184.80455999999998,4,522.5
BC-111253,Becky Castell,Home Office,2086,-187.44399999999996,5,417.2
RH-196004,Rob Haberlin,Consumer,2086,172.62609999999998,3,695.3333333333334
DS-130302,Darrin Sayre,Home Office,2082,-20.147999999999996,6,347.0
CK-27601,Cyma Kinney,Corporate,2081,377.19,5,416.2
RB-93301,Randy Bradley,Consumer,2079,82.56599999999997,5,415.8
FM-142153,Filia McAdams,Corporate,2078,112.4632,7,296.85714285714283
BS-115903,Brendan Sweed,Corporate,2078,658.2675200000001,4,519.5
EB-39751,Erica Bern,Corporate,2074,183.39000000000004,4,518.5
NG-183551,Nat Gilpin,Corporate,2074,452.433,3,691.3333333333334
TG-216404,Trudy Glocke,Consumer,2074,365.7205,4,518.5
JG-51152,Jack Garza,Consumer,2072,-2062.476,4,518.0
ML-177554,Max Ludwig,Home Office,2071,409.51120000000003,7,295.85714285714283
HL-150402,Hunter Lopez,Consumer,2071,215.60999999999999,4,517.75
AP-109153,Arthur Prichep,Consumer,2070,428.12399999999997,7,295.7142857142857
SS-205151,Shirley Schmidt,Home Office,2070,311.6361,5,414.0
JO-152801,Jas O'Carroll,Consumer,2069,88.4535,7,295.57142857142856
RB-197054,Roger Barcio,Home Office,2068,243.07549999999998,4,517.0
AG-5252,Andy Gerbode,Corporate,2067,345.0,1,2067.0
DR-29401,Daniel Raglin,Home Office,2065,592.656,6,344.1666666666667
CT-119953,Carol Triggs,Consumer,2064,485.66104,6,344.0
NC-183403,Nat Carroll,Consumer,2063,408.15772000000004,3,687.6666666666666
MD-173501,Maribeth Dona,Consumer,2062,-543.5532000000001,6,343.6666666666667
AS-2851,Alejandro Savely,Corporate,2059,515.592,7,294.14285714285717
JB-60451,Julia Barnett,Home Office,2058,-891.15,4,514.5
KH-63302,Katharine Harms,Corporate,2058,585.624,7,294.0
AS-100451,Aaron Smayling,Corporate,2056,257.62739999999997,5,411.2
TS-214304,Tom Stivers,Corporate,2054,48.70169999999998,5,410.8
CM-121901,Charlotte Melton,Consumer,2052,-128.1393,5,410.4
AF-108704,Art Ferguson,Consumer,2052,317.9712,7,293.14285714285717
KS-163002,Karen Seio,Corporate,2051,568.542,7,293.0
CM-126553,Corinna Mitchell,Home Office,2041,-701.41012,5,408.2
ES-140802,Erin Smith,Corporate,2036,161.223,5,407.2
CD-119204,Carlos Daly,Consumer,2035,426.661,5,407.0
GM-144552,Gary Mitchum,Home Office,2032,423.26099999999997,3,677.3333333333334
NF-185954,Nicole Fjeld,Home Office,2031,388.2131,7,290.14285714285717
BP-10502,Barry Pond,Corporate,2031,276.49800000000005,5,406.2
NF-83851,Natalie Fritzler,Consumer,2029,-180.261,7,289.85714285714283
KW-65702,Kelly Williams,Consumer,2028,4.920000000000001,4,507.0
SR-204251,Sharelle Roach,Home Office,2027,169.074,5,405.4
LW-168251,Laurel Workman,Corporate,2026,489.522,8,253.25
MT-80702,Michelle Tran,Home Office,2025,-2519.634,4,506.25
EB-137502,Edward Becker,Corporate,2024,448.827,5,404.8
DK-33753,Dennis Kane,Consumer,2022,346.92,5,404.4
CV-28052,Cynthia Voltz,Corporate,2021,-758.2620000000001,4,505.25
DB-133603,Dennis Bolton,Home Office,2018,439.74356,7,288.2857142857143
NC-186252,Noah Childs,Corporate,2018,219.8175,6,336.3333333333333
MH-177853,Maya Herman,Corporate,2017,-548.5205599999999,7,288.14285714285717
FO-43052,Frank Olsen,Consumer,2017,413.88599999999997,7,288.14285714285717
BT-114402,Bobby Trafton,Consumer,2016,76.90200000000002,6,336.0
TS-210853,Thais Sissman,Consumer,2015,390.828,9,223.88888888888889
LW-71251,Liz Willingham,Consumer,2012,714.975,5,402.4
DJ-134204,Denny Joy,Corporate,2012,483.03499999999997,4,503.0
AR-104051,Allen Rosenblatt,Corporate,2010,-425.5311,6,335.0
SC-205751,Sonia Cooley,Consumer,2009,218.34029999999998,9,223.22222222222223
DL-133153,Delfina Latchford,Consumer,2007,-715.372,6,334.5
VB-217454,Victoria Brennan,Corporate,2006,371.2398,6,334.3333333333333
CM-122352,Chris McAfee,Consumer,2006,144.828,6,334.3333333333333
PF-191203,Peter Fuller,Consumer,2001,275.89416,8,250.125
AG-2701,Alejandro Grove,Consumer,1997,232.11,5,399.4
SR-107402,Steven Roelle,Home Office,1996,244.58999999999997,2,998.0
AB-1053,Adrian Barton,Consumer,1996,-530.76,4,499.0
CC-122202,Chris Cortes,Consumer,1995,683.124,7,285.0
FM-42151,Filia McAdams,Corporate,1994,313.62,2,997.0
RC-198253,Roy Collins,Consumer,1993,-14.211999999999982,8,249.125
HP-148154,Harold Pawlan,Home Office,1991,373.8637,7,284.42857142857144
SC-203803,Shahid Collister,Consumer,1990,345.30784,7,284.2857142857143
DB-136154,Doug Bickford,Consumer,1989,438.8012,7,284.14285714285717
PG-188954,Paul Gonzalez,Consumer,1988,334.5163,9,220.88888888888889
NG-83553,Nat Gilpin,Corporate,1987,782.61,3,662.3333333333334
EB-139751,Erica Bern,Corporate,1985,398.3223,9,220.55555555555554
SN-205603,Skye Norling,Home Office,1984,344.86,7,283.42857142857144
NM-185203,Neoma Murray,Consumer,1983,285.58,4,495.75
KE-164202,Katrina Edelman,Corporate,1983,-945.372,4,495.75
SC-200502,Sample Company A,Home Office,1982,199.554,5,396.4
KS-163001,Karen Seio,Corporate,1979,350.3517,5,395.8
LS-169452,Linda Southworth,Corporate,1979,48.34199999999998,5,395.8
CL-125653,Clay Ludtke,Consumer,1979,-24.32512,6,329.8333333333333
DL-128653,Dan Lawera,Consumer,1977,-111.25739999999996,9,219.66666666666666
LS-169751,Lindsay Shagiari,Home Office,1977,658.0197,4,494.25
EL-37351,Ed Ludwig,Home Office,1976,-575.838,6,329.3333333333333
SB-102901,Sean Braxton,Corporate,1976,-120.666,5,395.2
NB-186554,Nona Balk,Corporate,1974,117.64290000000003,9,219.33333333333334
ND-84601,Neil Ducich,Corporate,1973,741.36,5,394.6
DK-132253,Dean Katz,Corporate,1972,355.052,6,328.6666666666667
DB-135553,Dorothy Badders,Corporate,1971,444.4676,5,394.2
JK-56251,Jim Karlsson,Consumer,1969,261.153,6,328.1666666666667
PO-191803,Philisse Overcash,Home Office,1967,-87.47899999999998,4,491.75
SW-202754,Scott Williamson,Consumer,1966,332.8725,6,327.6666666666667
MR-75451,Mathew Reese,Home Office,1963,574.5300000000001,3,654.3333333333334
LD-170054,Lisa DeCherney,Consumer,1963,557.1714,4,490.75
CS-21752,Charles Sheldon,Corporate,1960,827.37,3,653.3333333333334
KH-163603,Katherine Hughes,Consumer,1958,421.248,10,195.8
PO-191953,Phillina Ober,Home Office,1958,-1036.87152,6,326.3333333333333
TB-112501,Tim Brockman,Consumer,1957,654.66,5,391.4
EN-137802,Edward Nazzal,Consumer,1957,125.47799999999998,5,391.4
LD-170052,Lisa DeCherney,Consumer,1956,-476.799,8,244.5
JM-52501,Janet Martin,Consumer,1956,-640.359,3,652.0
GH-144253,Gary Hwang,Consumer,1956,-154.024,7,279.42857142857144
NP-86701,Nora Paige,Consumer,1954,190.01999999999998,2,977.0
DB-131202,David Bremer,Corporate,1953,-693.7695,4,488.25
SC-107703,Stewart Carmichael,Corporate,1953,-136.03199999999998,5,390.6
JF-154903,Jeremy Farry,Consumer,1953,590.45736,6,325.5
JJ-54451,Jennifer Jackson,Consumer,1952,300.12,2,976.0
DL-133303,Denise Leinenbach,Consumer,1949,398.804,11,177.1818181818182
CB-124154,Christy Brittain,Consumer,1949,272.3883,8,243.625
LS-172303,Lycoris Saunders,Consumer,1949,376.46047999999996,6,324.8333333333333
CJ-120101,Caroline Jumper,Consumer,1948,611.1441,4,487.0
DO-136453,Doug O'Connell,Consumer,1947,444.31391999999994,6,324.5
AW-8401,Anthony Witt,Consumer,1946,-228.42,7,278.0
JL-158502,John Lucas,Consumer,1941,537.942,6,323.5
EH-140051,Erica Hernandez,Home Office,1941,210.8871,9,215.66666666666666
TS-216551,Trudy Schmidt,Consumer,1940,230.8962,6,323.3333333333333
ES-140201,Erica Smith,Consumer,1940,54.925200000000004,9,215.55555555555554
HR-148301,Harold Ryan,Corporate,1940,320.634,6,323.3333333333333
BO-114251,Bobby Odegard,Consumer,1939,233.21099999999998,7,277.0
CK-27602,Cyma Kinney,Corporate,1937,248.7,7,276.7142857142857
ZD-119252,Zuschuss Donatelli,Consumer,1937,427.34999999999997,6,322.8333333333333
TP-215654,Tracy Poddar,Corporate,1937,139.22869999999998,4,484.25
TG-213103,Toby Gnade,Consumer,1937,581.632,7,276.7142857142857
JO-152804,Jas O'Carroll,Consumer,1934,202.1362,6,322.3333333333333
RB-197053,Roger Barcio,Home Office,1930,239.43200000000002,4,482.5
HM-149803,Henry MacAllister,Consumer,1926,-224.66400000000002,6,321.0
CG-120401,Catherine Glotzbach,Home Office,1925,202.5,7,275.0
ML-174102,Maris LaWare,Consumer,1924,-67.971,5,384.8
EM-42001,Evan Minnotte,Home Office,1922,435.15,2,961.0
PA-190602,Pete Armstrong,Home Office,1921,347.7,3,640.3333333333334
CA-123103,Christine Abelman,Corporate,1920,254.35896,5,384.0
HA-149203,Helen Andreada,Consumer,1918,668.08,3,639.3333333333334
CK-123251,Christine Kargatis,Home Office,1916,160.52220000000003,7,273.7142857142857
CC-125503,Clay Cheatham,Consumer,1915,157.97184,8,239.375
PB-88053,Patrick Bzostek,Home Office,1913,546.2099999999999,5,382.6
MM-172602,Magdelene Morse,Consumer,1912,539.697,7,273.14285714285717
JF-153554,Jay Fein,Consumer,1912,330.199,6,318.6666666666667
LC-70501,Liz Carlisle,Consumer,1909,537.672,5,381.8
ME-177254,Max Engle,Consumer,1908,77.81280000000001,8,238.5
AS-6301,Ann Steele,Home Office,1908,-1014.6690000000001,8,238.5
SS-205153,Shirley Schmidt,Home Office,1907,59.83951999999999,5,381.4
GG-146501,Greg Guthrie,Corporate,1906,364.17,5,381.2
EH-141853,Evan Henry,Consumer,1906,419.69112,8,238.25
LC-69601,Lindsay Castell,Home Office,1905,473.01,4,476.25
JJ-157603,Joel Jenkins,Home Office,1904,155.35408,5,380.8
SV-209354,Susan Vittorini,Consumer,1903,106.89120000000001,8,237.875
PL-189252,Paul Lucas,Home Office,1899,-83.34899999999999,3,633.0
AR-105702,Anemone Ratner,Consumer,1898,262.176,4,474.5
TB-210553,Ted Butterfield,Consumer,1897,366.27272,10,189.7
IM-50702,Irene Maddox,Consumer,1896,-124.43400000000003,6,316.0
DR-128802,Dan Reichenbach,Corporate,1894,259.87199999999996,7,270.57142857142856
DP-133901,Dennis Pardue,Home Office,1889,-36.1833,7,269.85714285714283
KD-163454,Katherine Ducich,Consumer,1889,328.5942,6,314.8333333333333
ZD-219251,Zuschuss Donatelli,Consumer,1889,281.7075,5,377.8
JR-162102,Justin Ritter,Corporate,1888,345.33,7,269.7142857142857
ME-180103,Michelle Ellison,Corporate,1888,125.62892000000001,6,314.6666666666667
GD-145904,Giulietta Dortch,Corporate,1888,230.93729999999996,4,472.0
SJ-101253,Sanjit Jacobs,Home Office,1887,-89.721,6,314.5
CP-20851,Cathy Prescott,Corporate,1887,550.35,3,629.0
NB-185803,Nicole Brennan,Corporate,1886,-209.9396,3,628.6666666666666
MO-78001,Meg O'Connel,Home Office,1885,138.294,6,314.1666666666667
SG-204704,Sheri Gordon,Consumer,1885,-119.01050000000001,8,235.625
VW-217752,Victoria Wilson,Corporate,1884,148.056,4,471.0
LR-170354,Lisa Ryan,Corporate,1880,-382.80789999999996,5,376.0
JO-55501,Jesus Ocampo,Home Office,1880,110.00999999999999,4,470.0
BK-112603,Berenike Kampe,Consumer,1877,447.19975999999997,6,312.8333333333333
SC-204404,Shaun Chance,Corporate,1875,379.5611,7,267.85714285714283
DP-131653,David Philippe,Consumer,1874,174.33152,7,267.7142857142857
SP-206504,Stephanie Phelps,Corporate,1873,268.4782,9,208.11111111111111
JR-157003,Jocasta Rupert,Consumer,1873,-526.81024,8,234.125
BG-116954,Brooke Gillingham,Corporate,1873,107.5715,6,312.1666666666667
NG-183554,Nat Gilpin,Corporate,1871,313.6335,5,374.2
HR-147703,Hallie Redmond,Home Office,1869,-232.02800000000002,4,467.25
SP-209203,Susan Pistek,Consumer,1866,674.75736,6,311.0
LR-70351,Lisa Ryan,Corporate,1864,189.63,6,310.6666666666667
CM-121903,Charlotte Melton,Consumer,1864,373.74552,8,233.0
PF-191202,Peter Fuller,Consumer,1864,-6.4709999999999965,8,233.0
EH-41851,Evan Henry,Consumer,1863,553.74,5,372.6
CD-127904,Cynthia Delaney,Home Office,1861,403.8422,5,372.2
AA-103753,Allen Armold,Consumer,1861,-117.58200000000008,7,265.85714285714283
SN-205604,Skye Norling,Home Office,1861,-716.8565000000001,6,310.1666666666667
NP-186703,Nora Paige,Consumer,1860,653.75576,2,930.0
TC-212953,Toby Carlisle,Consumer,1860,306.96,5,372.0
AI-108551,Arianne Irving,Consumer,1859,266.59229999999997,4,464.75
EB-138403,Ellis Ballard,Corporate,1856,502.06304,5,371.2
PB-191052,Peter Bühler,Consumer,1855,-283.305,5,371.0
JH-154302,Jennifer Halladay,Consumer,1853,67.9875,5,370.6
DL-133151,Delfina Latchford,Consumer,1850,448.26,4,462.5
SG-106052,Speros Goranitis,Consumer,1849,252.246,3,616.3333333333334
PB-191501,Philip Brown,Consumer,1849,453.8916,5,369.8
LC-169303,Linda Cazamias,Corporate,1848,592.12896,4,462.0
KB-63152,Karl Braun,Consumer,1846,326.136,6,307.6666666666667
SB-201851,Sarah Brown,Consumer,1844,-471.7128,3,614.6666666666666
RO-197802,Rose O'Brian,Consumer,1842,305.031,7,263.14285714285717
EJ-41551,Eva Jacobs,Consumer,1841,681.6899999999999,3,613.6666666666666
CB-20251,Cassandra Brandow,Consumer,1841,307.56,5,368.2
PR-188804,Patrick Ryan,Consumer,1841,247.6226,5,368.2
AJ-109454,Ashley Jarboe,Consumer,1839,521.1351999999999,7,262.7142857142857
KW-164353,Katrina Willman,Consumer,1835,-169.31199999999995,5,367.0
BN-15152,Bradley Nguyen,Consumer,1834,317.952,4,458.5
AH-101952,Alan Haines,Corporate,1833,391.05,9,203.66666666666666
EG-139004,Emily Grady,Consumer,1833,104.2656,5,366.6
HR-47701,Hallie Redmond,Home Office,1833,158.22,3,611.0
TH-111002,Thea Hendricks,Consumer,1832,356.79,3,610.6666666666666
PC-187454,Pamela Coakley,Corporate,1832,272.685,4,458.0
DK-28351,Damala Kotsonis,Corporate,1830,266.81100000000004,3,610.0
BD-13202,Bill Donatelli,Consumer,1829,196.07999999999998,5,365.8
RH-96002,Rob Haberlin,Consumer,1826,599.28,1,1826.0
RB-195703,Rob Beeghly,Consumer,1824,-172.836,8,228.0
PJ-190154,Pauline Johnson,Consumer,1823,682.9979000000001,7,260.42857142857144
DD-35701,Dorothy Dickinson,Consumer,1823,422.21999999999997,5,364.6
NC-186254,Noah Childs,Corporate,1822,-359.02099999999996,5,364.4
RB-195701,Rob Beeghly,Consumer,1822,441.28499999999997,2,911.0
JA-159703,Joseph Airdo,Consumer,1820,381.72400000000005,5,364.0
DK-132252,Dean Katz,Corporate,1819,253.70999999999998,6,303.1666666666667
JP-154603,Jennifer Patt,Corporate,1818,240.79191999999998,6,303.0
Dl-36002,Dorris liebe,Corporate,1815,29.49000000000001,4,453.75
ML-173951,Marina Lichtenstein,Corporate,1814,231.5466,5,362.8
TS-214303,Tom Stivers,Corporate,1813,475.67199999999997,3,604.3333333333334
KM-163753,Katherine Murray,Home Office,1813,-61.42836000000001,8,226.625
TR-213252,Toby Ritter,Consumer,1812,472.05,6,302.0
TC-115351,Tracy Collins,Home Office,1810,-1550.208,3,603.3333333333334
PB-91051,Peter Bühler,Consumer,1809,320.538,4,452.25
MZ-75153,Mary Zewe,Corporate,1809,817.2,2,904.5
BB-109902,Barry Blumstein,Corporate,1808,314.856,5,361.6
JM-152654,Janet Molinari,Corporate,1804,502.61429999999996,5,360.8
CS-25051,Cindy Stewart,Consumer,1804,270.33,4,451.0
JL-55052,Jeremy Lonsdale,Consumer,1803,458.31000000000006,2,901.5
SM-203203,Sean Miller,Home Office,1801,334.19536,5,360.2
JB-159253,Joni Blumstein,Consumer,1800,470.52376000000004,5,360.0
SS-104102,Shahid Shariari,Consumer,1799,309.51,1,1799.0
RW-196303,Rob Williams,Corporate,1798,354.81600000000003,8,224.75
SC-207702,Stewart Carmichael,Corporate,1797,257.115,6,299.5
SB-201702,Sarah Bern,Consumer,1797,-382.12050000000005,3,599.0
IL-151001,Ivan Liston,Consumer,1797,310.566,4,449.25
KL-165551,Kelly Lampkin,Corporate,1796,326.40569999999997,5,359.2
RB-196453,Robert Barroso,Corporate,1796,6.303999999999988,8,224.5
RR-93152,Ralph Ritter,Consumer,1795,528.42,3,598.3333333333334
AA-104804,Andrew Allen,Consumer,1792,435.8274,4,448.0
AJ-109603,Astrea Jones,Consumer,1792,408.26588,4,448.0
JB-154004,Jennifer Braxton,Corporate,1791,156.0532,10,179.1
BB-109903,Barry Blumstein,Corporate,1790,251.016,9,198.88888888888889
LW-172153,Luke Weiss,Consumer,1789,422.99744,5,357.8
EB-141701,Evan Bailliet,Consumer,1788,331.9131,6,298.0
GB-145752,Giulietta Baptist,Consumer,1786,464.54699999999997,7,255.14285714285714
MC-181003,Mick Crebagga,Consumer,1781,395.88800000000003,6,296.8333333333333
LC-170501,Liz Carlisle,Consumer,1780,-167.6511,5,356.0
LB-167352,Larry Blacks,Consumer,1780,584.814,8,222.5
JK-153702,Jay Kimmel,Consumer,1779,545.991,8,222.375
PJ-190151,Pauline Johnson,Consumer,1779,417.8856,4,444.75
TM-114902,Tony Molinari,Consumer,1779,-923.088,6,296.5
TC-214753,Tony Chapman,Home Office,1776,-95.35463999999997,7,253.71428571428572
SK-199901,Sally Knutson,Consumer,1776,288.96689999999995,4,444.0
JE-57452,Joel Eaton,Consumer,1776,298.71,6,296.0
SH-206353,Stefanie Holloman,Corporate,1775,61.708,9,197.22222222222223
EM-40651,Erin Mull,Consumer,1775,612.5100000000001,4,443.75
BD-17702,Bryan Davis,Consumer,1775,-1195.734,2,887.5
TD-209951,Tamara Dahlen,Consumer,1774,263.0355,6,295.6666666666667
GR-145603,Georgia Rosenberg,Corporate,1773,233.39544,7,253.28571428571428
DP-133902,Dennis Pardue,Home Office,1773,537.2805,6,295.5
BM-11402,Becky Martin,Consumer,1772,94.224,4,443.0
CC-121004,Chad Cunningham,Home Office,1771,208.5912,6,295.1666666666667
SS-208751,Sung Shariari,Consumer,1769,4.539599999999998,6,294.8333333333333
SU-106651,Stephanie Ulpright,Home Office,1766,4.464000000000016,3,588.6666666666666
HG-48451,Harry Greene,Consumer,1765,290.46000000000004,6,294.1666666666667
PN-187753,Parhena Norris,Home Office,1765,162.66472000000002,3,588.3333333333334
DK-33751,Dennis Kane,Consumer,1764,434.91,4,441.0
TC-215352,Tracy Collins,Home Office,1763,110.13000000000001,5,352.6
AP-107202,Anne Pryor,Home Office,1763,324.59999999999997,2,881.5
JH-61801,Justin Hirsh,Consumer,1762,39.90899999999999,5,352.4
DS-130304,Darrin Sayre,Home Office,1762,193.3319,4,440.5
TB-114001,Tom Boeckenhauer,Consumer,1761,628.95,2,880.5
TH-111151,Thea Hudgings,Corporate,1761,469.11,4,440.25
MF-182504,Monica Federle,Corporate,1759,456.86080000000004,5,351.8
EM-40951,Eudokia Martin,Corporate,1759,311.78999999999996,3,586.3333333333334
GP-147403,Guy Phonely,Corporate,1759,212.67800000000003,9,195.44444444444446
DB-136603,Duane Benoit,Consumer,1758,-498.33975999999996,3,586.0
JF-54152,Jennifer Ferguson,Consumer,1758,330.12,5,351.6
HP-148152,Harold Pawlan,Home Office,1756,262.7295,5,351.2
NC-183402,Nat Carroll,Consumer,1754,278.5335,4,438.5
KC-166751,Kimberly Carter,Corporate,1752,-27.609600000000004,4,438.0
CS-121752,Charles Sheldon,Corporate,1748,477.51,4,437.0
MS-177703,Maxwell Schwartz,Consumer,1747,-109.36115999999998,9,194.11111111111111
JS-156852,Jim Sink,Corporate,1746,478.371,7,249.42857142857142
AH-100304,Aaron Hawkins,Corporate,1744,365.2152,7,249.14285714285714
CS-24001,Christopher Schild,Home Office,1742,588.18,3,580.6666666666666
LH-171554,Logan Haushalter,Consumer,1740,316.5202,9,193.33333333333334
CS-22502,Chris Selesnick,Corporate,1739,347.99399999999997,3,579.6666666666666
BW-112004,Ben Wallace,Consumer,1738,246.99729999999997,6,289.6666666666667
VT-217004,Valerie Takahito,Home Office,1736,-224.0889,2,868.0
AH-101204,Adrian Hane,Home Office,1736,-2.3145999999999534,7,248.0
MV-181904,Mike Vittorini,Consumer,1736,273.8582,7,248.0
MB-180852,Mick Brown,Consumer,1735,224.77200000000002,9,192.77777777777777
JM-155354,Jessica Myrick,Consumer,1733,356.5395,7,247.57142857142858
NL-183102,Nancy Lomonaco,Home Office,1732,-1898.7060000000001,6,288.6666666666667
MO-175001,Mary O'Rourke,Consumer,1731,165.657,4,432.75
BE-114554,Brad Eason,Home Office,1728,139.20080000000002,6,288.0
CW-119053,Carl Weiss,Home Office,1721,114.32260000000001,5,344.2
KC-165402,Kelly Collister,Consumer,1721,177.57600000000002,6,286.8333333333333
NW-184002,Natalie Webber,Consumer,1720,178.014,4,430.0
KT-64801,Kean Thornton,Consumer,1720,125.994,5,344.0
EL-37352,Ed Ludwig,Home Office,1718,588.78,5,343.6
BE-14101,Bobby Elias,Consumer,1718,342.759,3,572.6666666666666
MC-178452,Michael Chen,Consumer,1717,120.588,5,343.4
KW-165702,Kelly Williams,Consumer,1717,409.9125,6,286.1666666666667
CM-18302,Cari MacIntyre,Corporate,1716,78.26999999999998,8,214.5
EH-41852,Evan Henry,Consumer,1714,485.88,3,571.3333333333334
AW-109303,Arthur Wiediger,Home Office,1713,648.05756,5,342.6
DB-134054,Denny Blanton,Consumer,1712,438.9092,4,428.0
LC-68851,Lena Creighton,Consumer,1711,-146.652,7,244.42857142857142
BT-115303,Bradley Talbott,Home Office,1711,91.208,7,244.42857142857142
SN-207103,Steve Nguyen,Home Office,1711,328.61136,7,244.42857142857142
AJ-109601,Astrea Jones,Consumer,1709,135.9051,4,427.25
CS-24601,Chuck Sachs,Consumer,1707,16.71299999999999,3,569.0
TZ-215804,Tracy Zic,Consumer,1707,224.8887,4,426.75
JP-161354,Julie Prescott,Home Office,1706,309.7116,9,189.55555555555554
AC-6151,Ann Chong,Corporate,1706,-438.85799999999995,3,568.6666666666666
TT-212651,Tim Taslimi,Corporate,1706,283.359,6,284.3333333333333
BF-110201,Barry Französisch,Corporate,1704,416.48879999999997,3,568.0
AR-8251,Anthony Rawles,Corporate,1704,318.51599999999996,3,568.0
LD-68551,Lela Donovan,Corporate,1703,89.706,5,340.6
CK-127603,Cyma Kinney,Corporate,1700,98.88439999999999,7,242.85714285714286
AC-106153,Ann Chong,Corporate,1699,3.2526800000000264,8,212.375
AG-9001,Arthur Gainer,Consumer,1698,-146.52,4,424.5
BP-111554,Becky Pak,Consumer,1698,647.3847000000001,6,283.0
MP-174701,Mark Packer,Home Office,1697,-305.9472,6,282.8333333333333
JH-159102,Jonathan Howell,Consumer,1697,203.088,8,212.125
DR-129403,Daniel Raglin,Home Office,1696,269.97952,7,242.28571428571428
LW-69902,Lindsay Williams,Corporate,1696,133.01099999999997,8,212.0
JO-52801,Jas O'Carroll,Consumer,1696,702.69,4,424.0
HG-149652,Henry Goldwyn,Corporate,1695,301.50600000000003,5,339.0
MH-174553,Mark Hamilton,Consumer,1691,-1385.54088,5,338.2
CS-118453,Cari Sayre,Corporate,1689,175.924,5,337.8
CC-125502,Clay Cheatham,Consumer,1689,390.4995,8,211.125
DK-129854,Darren Koutras,Consumer,1687,-107.35379999999998,5,337.4
LM-170652,Liz MacKendrick,Consumer,1687,329.085,2,843.5
RA-199454,Ryan Akin,Consumer,1686,-445.695,5,337.2
KE-164204,Katrina Edelman,Corporate,1686,397.87989999999996,8,210.75
EP-139153,Emily Phan,Consumer,1686,706.06144,1,1686.0
MO-178004,Meg O'Connel,Home Office,1686,169.3437,8,210.75
KN-164502,Kean Nguyen,Corporate,1685,194.664,7,240.71428571428572
MH-72901,Marc Harrigan,Home Office,1684,365.4,3,561.3333333333334
AS-2402,Alan Shonely,Consumer,1681,543.63,4,420.25
NS-185051,Neola Schneider,Consumer,1681,-84.95670000000001,4,420.25
JS-56852,Jim Sink,Corporate,1681,464.13,3,560.3333333333334
CA-120554,Cathy Armstrong,Home Office,1679,211.2559,5,335.8
JD-61501,Justin Deggeller,Corporate,1679,221.88,1,1679.0
KM-167203,Kunst Miller,Consumer,1678,330.62,7,239.71428571428572
BT-114853,Brad Thomas,Home Office,1678,333.85384,10,167.8
GT-147553,Guy Thornton,Consumer,1678,-77.05288000000002,4,419.5
PW-192403,Pierre Wener,Consumer,1677,329.956,7,239.57142857142858
FM-42902,Frank Merwin,Home Office,1676,388.38,4,419.0
CM-118154,Candace McMahon,Corporate,1676,214.463,6,279.3333333333333
BS-17551,Bruce Stewart,Consumer,1675,-695.0459999999999,4,418.75
SC-206802,Steve Carroll,Home Office,1673,251.712,9,185.88888888888889
BS-113802,Bill Stewart,Corporate,1671,376.422,4,417.75
JP-154604,Jennifer Patt,Corporate,1669,429.74649999999997,7,238.42857142857142
BF-110203,Barry Französisch,Corporate,1668,-162.134,5,333.6
JB-54001,Jennifer Braxton,Corporate,1666,253.41,3,555.3333333333334
ME-177253,Max Engle,Consumer,1666,-23.86199999999999,8,208.25
SW-204551,Shaun Weien,Consumer,1665,-303.08579999999995,5,333.0
SG-204702,Sheri Gordon,Consumer,1665,-608.556,6,277.5
JF-52953,Jason Fortune-,Consumer,1664,292.62,4,416.0
AG-102702,Alejandro Grove,Consumer,1663,249.21,4,415.75
CC-22203,Chris Cortes,Consumer,1662,471.534,4,415.5
CM-121154,Chad McGuire,Consumer,1662,409.0679,4,415.5
CC-124754,Cindy Chapman,Consumer,1659,154.851,9,184.33333333333334
RH-195103,Rick Huthwaite,Home Office,1654,355.52495999999996,7,236.28571428571428
EH-40052,Erica Hernandez,Home Office,1654,289.83,3,551.3333333333334
BD-113203,Bill Donatelli,Consumer,1652,297.584,7,236.0
PK-190753,Pete Kriz,Consumer,1651,302.662,6,275.1666666666667
CM-127151,Craig Molinari,Corporate,1650,156.495,3,550.0
CS-24902,Cindy Schnelling,Corporate,1650,604.08,2,825.0
SC-104401,Shaun Chance,Corporate,1648,-349.56300000000005,3,549.3333333333334
SC-200202,Sam Craven,Consumer,1645,362.043,7,235.0
EB-139754,Erica Bern,Corporate,1644,162.8781,4,411.0
EB-137051,Ed Braxton,Corporate,1641,205.1781,8,205.125
BW-110652,Barry Weirich,Consumer,1640,136.566,5,328.0
AP-107204,Anne Pryor,Home Office,1639,285.7888,8,204.875
AO-108103,Anthony O'Donnell,Corporate,1636,318.64,4,409.0
CA-127753,Cynthia Arntzen,Consumer,1635,315.6,8,204.375
MA-179952,Michelle Arnett,Home Office,1634,259.329,4,408.5
SC-206803,Steve Carroll,Home Office,1634,-315.07872000000003,7,233.42857142857142
PM-191353,Peter McVee,Home Office,1632,394.92,5,326.4
DS-131802,David Smith,Corporate,1632,349.344,5,326.4
CP-120852,Cathy Prescott,Corporate,1632,202.443,5,326.4
JG-151601,James Galang,Consumer,1631,229.86599999999999,8,203.875
BD-17701,Bryan Davis,Consumer,1630,326.19,3,543.3333333333334
JC-161053,Julie Creighton,Corporate,1628,222.07988,7,232.57142857142858
CD-122803,Christina DeMoss,Consumer,1628,271.80828,9,180.88888888888889
CR-127302,Craig Reiter,Consumer,1625,65.271,3,541.6666666666666
LP-70801,Liz Pelletier,Consumer,1625,73.2,4,406.25
AZ-107504,Annie Zypern,Consumer,1624,154.9503,6,270.6666666666667
RF-197353,Roland Fjeld,Consumer,1622,346.02,5,324.4
AG-102703,Alejandro Grove,Consumer,1622,278.64752,9,180.22222222222223
TB-214003,Tom Boeckenhauer,Consumer,1622,-338.164,9,180.22222222222223
MM-180553,Michelle Moray,Consumer,1619,490.868,5,323.8
SC-102302,Scot Coram,Corporate,1619,258.9,1,1619.0
IG-50852,Ivan Gibson,Consumer,1618,170.88600000000002,6,269.6666666666667
JH-59103,Jonathan Howell,Consumer,1618,-636.18,3,539.3333333333334
LM-70651,Liz MacKendrick,Consumer,1616,426.06,3,538.6666666666666
KH-63601,Katherine Hughes,Consumer,1616,99.315,4,404.0
AH-105852,Angele Hood,Consumer,1615,437.325,5,323.0
NW-84003,Natalie Webber,Consumer,1614,159.336,5,322.8
TS-116102,Troy Staebel,Consumer,1614,37.98,4,403.5
LL-168403,Lauren Leatherbury,Consumer,1613,-49.90584000000002,7,230.42857142857142
BP-112303,Benjamin Patterson,Consumer,1612,-1195.524,6,268.6666666666667
MS-177104,Maurice Satty,Consumer,1611,247.4348,6,268.5
TH-215502,Tracy Hopkins,Home Office,1610,248.052,4,402.5
RC-99601,Ryan Crowe,Consumer,1610,365.325,4,402.5
GB-145751,Giulietta Baptist,Consumer,1609,23.724899999999998,5,321.8
AJ-7801,Anthony Jacobs,Corporate,1608,-811.5959999999999,7,229.71428571428572
SC-202602,Scott Cohen,Corporate,1608,404.34000000000003,3,536.0
SF-109652,Sylvia Foulston,Corporate,1608,422.532,3,536.0
AR-103453,Alex Russell,Corporate,1607,102.45199999999998,4,401.75
MA-179953,Michelle Arnett,Home Office,1607,-481.57936,6,267.8333333333333
SU-206653,Stephanie Ulpright,Home Office,1607,-975.608,6,267.8333333333333
HG-149653,Henry Goldwyn,Corporate,1606,429.53479999999996,3,535.3333333333334
CS-121303,Chad Sievert,Consumer,1603,477.38,5,320.6
TB-212504,Tim Brockman,Consumer,1603,260.6155,7,229.0
DB-136153,Doug Bickford,Consumer,1602,-117.43020000000001,7,228.85714285714286
CD-19201,Carlos Daly,Consumer,1602,224.43900000000002,2,801.0
AM-3602,Alice McCarthy,Corporate,1601,324.06,2,800.5
AW-109301,Arthur Wiediger,Home Office,1601,617.919,5,320.2
CR-127304,Craig Reiter,Consumer,1600,306.9176,4,400.0
KH-166303,Ken Heidel,Corporate,1597,376.51535999999993,6,266.1666666666667
AG-6752,Anna Gayman,Consumer,1595,560.292,4,398.75
BT-14402,Bobby Trafton,Consumer,1594,-915.6930000000001,6,265.6666666666667
NR-85502,Nick Radford,Consumer,1593,416.136,5,318.6
CA-119653,Carol Adams,Corporate,1591,-1633.0,4,397.75
ML-182653,Muhammed Lee,Consumer,1591,12.79575999999999,5,318.2
MY-73802,Maribeth Yedwab,Corporate,1589,744.204,2,794.5
AH-101954,Alan Haines,Corporate,1588,-378.5509,4,397.0
TB-214002,Tom Boeckenhauer,Consumer,1587,-8.310000000000002,3,529.0
DH-30751,Dave Hallsten,Corporate,1587,427.08,6,264.5
SF-102002,Sarah Foster,Consumer,1587,-1446.63,3,529.0
BF-112154,Benjamin Farhat,Home Office,1586,523.2133,4,396.5
AG-107651,Anthony Garverick,Home Office,1586,93.2115,4,396.5
SM-209501,Suzanne McNair,Corporate,1585,183.9519,4,396.25
KW-165703,Kelly Williams,Consumer,1585,135.904,12,132.08333333333334
EM-39603,Eric Murdock,Consumer,1585,296.1,3,528.3333333333334
AS-102853,Alejandro Savely,Corporate,1584,282.72696,8,198.0
CK-127604,Cyma Kinney,Corporate,1583,-338.4311,9,175.88888888888889
BF-110803,Bart Folk,Consumer,1583,201.548,5,316.6
MM-182801,Muhammed MacIntyre,Corporate,1582,502.57200000000006,5,316.4
MC-181304,Mike Caudle,Corporate,1582,121.75649999999999,5,316.4
BP-110502,Barry Pond,Corporate,1581,216.498,7,225.85714285714286
RB-196452,Robert Barroso,Corporate,1580,368.481,6,263.3333333333333
MH-77851,Maya Herman,Corporate,1580,259.854,7,225.71428571428572
MG-178903,Michael Granlund,Home Office,1579,-712.1759999999999,3,526.3333333333334
SM-109051,Susan MacKendrick,Consumer,1576,202.692,4,394.0
SF-200651,Sandra Flanagan,Consumer,1574,431.06999999999994,5,314.8
RH-195553,Ritsa Hightower,Consumer,1573,133.096,5,314.6
NC-186253,Noah Childs,Corporate,1573,258.55208,3,524.3333333333334
TT-110701,Ted Trevino,Consumer,1572,621.96,2,786.0
JL-151754,James Lanier,Home Office,1571,209.2817,5,314.2
PH-87902,Patricia Hirasaki,Home Office,1570,347.01,4,392.5
GB-145304,George Bell,Corporate,1569,7.83710000000001,11,142.63636363636363
SU-106652,Stephanie Ulpright,Home Office,1568,560.2199999999999,3,522.6666666666666
KB-163154,Karl Braun,Consumer,1568,49.71929999999998,9,174.22222222222223
CC-22201,Chris Cortes,Consumer,1568,460.248,3,522.6666666666666
BF-10801,Bart Folk,Consumer,1568,5.610000000000023,3,522.6666666666666
SF-209653,Sylvia Foulston,Corporate,1567,311.96,2,783.5
ON-187154,Odella Nelson,Corporate,1567,-5.88900000000001,9,174.11111111111111
MB-80852,Mick Brown,Consumer,1566,458.76599999999996,6,261.0
MV-181903,Mike Vittorini,Consumer,1564,-667.4893999999999,5,312.8
MV-174854,Mark Van Huff,Consumer,1561,189.0258,9,173.44444444444446
TG-116402,Trudy Glocke,Consumer,1561,352.17,1,1561.0
Co-126402,Corey-Lock,Consumer,1560,-160.01700000000002,6,260.0
BO-14251,Bobby Odegard,Consumer,1560,452.73,4,390.0
CS-122503,Chris Selesnick,Corporate,1560,261.636,5,312.0
RM-197503,Roland Murray,Consumer,1560,175.05716,9,173.33333333333334
SS-208753,Sung Shariari,Consumer,1559,73.1102,5,311.8
MA-79951,Michelle Arnett,Home Office,1558,429.231,8,194.75
NF-185952,Nicole Fjeld,Home Office,1557,136.293,4,389.25
NW-184001,Natalie Webber,Consumer,1550,357.3981,8,193.75
ZD-219253,Zuschuss Donatelli,Consumer,1550,85.7614,3,516.6666666666666
LB-67952,Laurel Beltran,Home Office,1550,50.790000000000006,5,310.0
DC-128503,Dan Campbell,Consumer,1548,352.292,10,154.8
CC-126703,Craig Carreira,Consumer,1548,-388.1768,8,193.5
MB-173054,Maria Bertelson,Consumer,1547,212.42499999999998,10,154.7
MG-76952,Maureen Gnade,Consumer,1547,-86.634,4,386.75
JG-158053,John Grady,Corporate,1544,284.788,4,386.0
KH-163302,Katharine Harms,Corporate,1544,352.26,4,386.0
DK-28352,Damala Kotsonis,Corporate,1542,18.85199999999998,8,192.75
AD-101803,Alan Dominguez,Home Office,1541,86.824,6,256.8333333333333
NM-85201,Neoma Murray,Consumer,1541,511.65,1,1541.0
BD-116204,Brian DeCherney,Consumer,1539,206.75689999999997,6,256.5
JR-157002,Jocasta Rupert,Consumer,1538,279.76800000000003,3,512.6666666666666
EC-40501,Erin Creighton,Consumer,1537,308.871,3,512.3333333333334
CH-120704,Cathy Hwang,Home Office,1537,195.15109999999999,3,512.3333333333334
ER-138553,Elpida Rittenbach,Corporate,1537,305.892,7,219.57142857142858
SV-203653,Seth Vernon,Consumer,1537,-268.29112,7,219.57142857142858
JH-59851,Joseph Holt,Consumer,1536,469.59,5,307.2
PF-91651,Philip Fox,Consumer,1533,342.6,3,511.0
RM-93752,Raymond Messe,Consumer,1532,275.136,3,510.6666666666667
BD-117254,Bruce Degenhardt,Consumer,1527,333.9791,6,254.5
TB-215952,Troy Blackwell,Consumer,1526,209.364,5,305.2
BV-112454,Benjamin Venier,Corporate,1522,315.2214,5,304.4
ME-180101,Michelle Ellison,Corporate,1520,290.145,6,253.33333333333334
KA-165254,Kelly Andreada,Consumer,1520,234.9194,7,217.14285714285714
RH-195102,Rick Huthwaite,Home Office,1519,-22.664999999999964,5,303.8
SL-101551,Sara Luxemburg,Home Office,1516,492.36,7,216.57142857142858
AB-106004,Ann Blume,Corporate,1515,-274.9604,4,378.75
CM-127153,Craig Molinari,Corporate,1513,402.904,6,252.16666666666666
ML-80401,Michelle Lonsdale,Corporate,1513,470.7,4,378.25
SC-203802,Shahid Collister,Consumer,1512,25.617000000000004,9,168.0
EN-137801,Edward Nazzal,Consumer,1511,-56.80559999999999,5,302.2
GH-144853,Gene Hale,Corporate,1509,384.608,5,301.8
MZ-175153,Mary Zewe,Corporate,1508,309.60983999999996,3,502.6666666666667
JG-158054,John Grady,Corporate,1507,206.1019,6,251.16666666666666
LC-168852,Lena Creighton,Consumer,1506,-290.01599999999996,4,376.5
CS-124902,Cindy Schnelling,Corporate,1506,-84.30000000000001,8,188.25
DL-128654,Dan Lawera,Consumer,1504,322.2449,8,188.0
AA-6451,Anna Andreadi,Consumer,1503,-820.416,8,187.875
AS-100901,Adam Shillingsburg,Consumer,1502,208.87799999999996,5,300.4
PG-88952,Paul Gonzalez,Consumer,1500,223.512,3,500.0
BT-116802,Brian Thompson,Consumer,1499,-782.9399999999999,2,749.5
DB-133602,Dennis Bolton,Home Office,1498,109.428,8,187.25
BN-14702,Brad Norvell,Corporate,1498,188.71200000000002,4,374.5
VT-217002,Valerie Takahito,Home Office,1496,325.34250000000003,8,187.0
ZD-219254,Zuschuss Donatelli,Consumer,1494,249.1307,5,298.8
SC-100501,Sample Company A,Home Office,1493,232.5,3,497.6666666666667
LP-170952,Liz Preis,Consumer,1493,164.166,4,373.25
MF-82502,Monica Federle,Corporate,1492,299.42999999999995,5,298.4
DW-135852,Dorothy Wardle,Corporate,1490,77.27999999999996,8,186.25
RB-197952,Ross Baird,Home Office,1486,301.209,5,297.2
AB-601,Adam Bellavance,Home Office,1483,685.998,3,494.3333333333333
JR-56701,Jim Radford,Consumer,1480,199.68,2,740.0
DB-36602,Duane Benoit,Consumer,1479,-22.968000000000004,2,739.5
DC-28501,Dan Campbell,Consumer,1476,207.834,4,369.0
AH-1201,Adrian Hane,Home Office,1476,379.62,3,492.0
CM-121904,Charlotte Melton,Consumer,1475,91.2033,6,245.83333333333334
LD-168551,Lela Donovan,Corporate,1475,258.3741,7,210.71428571428572
EB-41101,Eugene Barchas,Consumer,1475,-53.25299999999999,5,295.0
CB-120252,Cassandra Brandow,Consumer,1475,257.20799999999997,5,295.0
KH-65101,Keith Herrera,Consumer,1473,475.02,5,294.6
RR-193153,Ralph Ritter,Consumer,1472,181.94448,4,368.0
SW-203502,Sean Wendt,Home Office,1472,29.406000000000002,8,184.0
TB-210554,Ted Butterfield,Consumer,1470,390.2113,5,294.0
LE-168104,Laurel Elliston,Consumer,1469,161.76489999999998,6,244.83333333333334
SP-206502,Stephanie Phelps,Corporate,1468,93.12,3,489.3333333333333
EM-138102,Eleni McCrary,Corporate,1467,145.581,5,293.4
CM-121153,Chad McGuire,Consumer,1467,-27.4276,5,293.4
PN-187754,Parhena Norris,Home Office,1467,192.0396,8,183.375
RB-97053,Roger Barcio,Home Office,1464,-296.286,4,366.0
BE-114553,Brad Eason,Home Office,1464,192.212,5,292.8
JD-60152,Joy Daniels,Consumer,1464,460.683,5,292.8
VP-117602,Victoria Pisteka,Corporate,1463,379.62,1,1463.0
EB-39301,Eric Barreto,Consumer,1462,592.0799999999999,4,365.5
TT-114602,Tonja Turnell,Home Office,1462,-159.48600000000002,4,365.5
GA-47251,Guy Armstrong,Consumer,1462,-240.29399999999998,4,365.5
VS-218202,Vivek Sundaresam,Consumer,1462,338.805,5,292.4
SC-200203,Sam Craven,Consumer,1462,154.308,10,146.2
AZ-7501,Annie Zypern,Consumer,1461,-190.70100000000005,5,292.2
BN-115154,Bradley Nguyen,Consumer,1460,340.7054,5,292.0
RS-198701,Roy Skaria,Home Office,1460,280.698,4,365.0
RK-193004,Ralph Kennedy,Consumer,1460,269.688,3,486.6666666666667
DL-133154,Delfina Latchford,Consumer,1458,288.8732,8,182.25
PB-191504,Philip Brown,Consumer,1457,280.6606,8,182.125
TH-112351,Tiffany House,Corporate,1456,-12.471000000000004,4,364.0
KH-66302,Ken Heidel,Corporate,1456,242.586,4,364.0
AG-105254,Andy Gerbode,Corporate,1455,-152.7613,4,363.75
AS-106302,Ann Steele,Home Office,1455,539.571,5,291.0
RM-193754,Raymond Messe,Consumer,1453,392.1499,6,242.16666666666666
TB-115202,Tracy Blumstein,Consumer,1451,-113.35799999999999,7,207.28571428571428
JF-154153,Jennifer Ferguson,Consumer,1450,271.56148,6,241.66666666666666
RH-195101,Rick Huthwaite,Home Office,1448,178.683,7,206.85714285714286
PC-187452,Pamela Coakley,Corporate,1448,346.992,5,289.6
CM-118303,Cari MacIntyre,Corporate,1447,438.464,6,241.16666666666666
SW-202453,Scot Wooten,Consumer,1447,243.51332,6,241.16666666666666
SC-103801,Shahid Collister,Consumer,1446,365.46,2,723.0
AA-103151,Alex Avila,Consumer,1445,12.875999999999983,5,289.0
EB-38402,Ellis Ballard,Corporate,1444,509.19,1,1444.0
DB-30602,Dave Brooks,Consumer,1441,277.656,5,288.2
PK-189104,Paul Knutson,Home Office,1441,-798.705,2,720.5
KC-162552,Karen Carlisle,Corporate,1439,260.805,3,479.6666666666667
JH-58202,John Huston,Consumer,1438,267.12,4,359.5
SM-209502,Suzanne McNair,Corporate,1437,210.09900000000002,6,239.5
AP-109152,Arthur Prichep,Consumer,1435,-0.9555000000000007,6,239.16666666666666
JD-58951,Jonathan Doherty,Corporate,1435,422.18999999999994,3,478.3333333333333
TD-209954,Tamara Dahlen,Consumer,1435,88.1897,9,159.44444444444446
KH-166302,Ken Heidel,Corporate,1434,63.83999999999999,8,179.25
FH-143503,Fred Harton,Consumer,1433,521.9355200000001,5,286.6
VP-217603,Victoria Pisteka,Corporate,1432,296.448,7,204.57142857142858
MM-182803,Muhammed MacIntyre,Corporate,1429,172.85999999999999,6,238.16666666666666
MB-180854,Mick Brown,Consumer,1429,117.8057,7,204.14285714285714
TT-212204,Thomas Thornton,Consumer,1429,278.7371,8,178.625
JF-151903,Jamie Frazer,Consumer,1428,4.718000000000018,4,357.0
JW-160754,Julia West,Consumer,1428,154.0637,4,357.0
BD-15602,Brendan Dodson,Home Office,1427,198.12,3,475.6666666666667
CA-123104,Christine Abelman,Corporate,1423,246.02179999999998,4,355.75
RH-96001,Rob Haberlin,Consumer,1421,280.2,4,355.25
MG-76802,Maureen Gastineau,Home Office,1421,-484.31999999999994,4,355.25
SW-102451,Scot Wooten,Consumer,1420,183.18,2,710.0
RD-197204,Roger Demir,Consumer,1420,207.3304,10,142.0
DM-29553,Dario Medina,Corporate,1420,228.81899999999996,5,284.0
NL-183104,Nancy Lomonaco,Home Office,1420,343.6381,4,355.0
BD-117252,Bruce Degenhardt,Consumer,1418,132.2685,6,236.33333333333334
JS-155954,Jill Stevenson,Corporate,1418,-175.54899999999998,4,354.5
CC-23701,Christopher Conant,Consumer,1414,178.59,3,471.3333333333333
CS-124002,Christopher Schild,Home Office,1413,300.456,5,282.6
SG-200802,Sandra Glassco,Consumer,1412,475.15799999999996,3,470.6666666666667
RE-94501,Richard Eichhorn,Consumer,1411,206.817,5,282.2
HF-49951,Herbert Flentye,Consumer,1410,394.83000000000004,3,470.0
KH-165102,Keith Herrera,Consumer,1409,354.36899999999997,7,201.28571428571428
KW-164351,Katrina Willman,Consumer,1409,337.49760000000003,3,469.6666666666667
NB-185802,Nicole Brennan,Corporate,1409,-48.0,2,704.5
JR-57001,Jocasta Rupert,Consumer,1409,393.891,3,469.6666666666667
SV-207853,Stewart Visinsky,Consumer,1408,359.56,5,281.6
JD-157902,John Dryer,Consumer,1408,206.51999999999998,3,469.3333333333333
FM-142902,Frank Merwin,Home Office,1407,90.26700000000001,3,469.0
JL-58502,John Lucas,Consumer,1405,-632.754,2,702.5
PM-189404,Paul MacIntyre,Consumer,1405,157.8768,3,468.3333333333333
KL-65551,Kelly Lampkin,Corporate,1401,46.15200000000001,4,350.25
CM-24452,Chuck Magee,Consumer,1401,201.828,3,467.0
GA-147254,Guy Armstrong,Consumer,1400,136.70790000000002,11,127.27272727272727
EG-39002,Emily Grady,Consumer,1398,172.93200000000002,5,279.6
JC-57752,John Castell,Consumer,1398,69.966,2,699.0
PK-189101,Paul Knutson,Home Office,1397,-56.415000000000006,4,349.25
CR-128204,Cyra Reiten,Home Office,1397,83.2703,3,465.6666666666667
NG-184304,Nathan Gelder,Consumer,1397,217.0893,5,279.4
CL-27001,Craig Leslie,Home Office,1393,137.37,2,696.5
LC-168702,Lena Cacioppo,Consumer,1392,362.4,3,464.0
CS-18452,Cari Sayre,Corporate,1390,-402.408,5,278.0
SH-199752,Sally Hughsby,Corporate,1390,-212.41499999999996,4,347.5
JE-154754,Jeremy Ellison,Consumer,1388,276.2197,6,231.33333333333334
PG-88202,Patrick Gardner,Consumer,1387,246.39,5,277.4
TB-215954,Troy Blackwell,Consumer,1387,-136.40909999999997,5,277.4
AB-6001,Ann Blume,Corporate,1384,253.56,3,461.3333333333333
CC-126702,Craig Carreira,Consumer,1384,-414.12300000000005,4,346.0
FG-142604,Frank Gastineau,Home Office,1383,394.7397,7,197.57142857142858
MC-74251,Mark Cousins,Corporate,1381,-1144.839,4,345.25
CS-21751,Charles Sheldon,Corporate,1380,387.198,2,690.0
SW-104551,Shaun Weien,Consumer,1379,180.912,5,275.8
DM-135254,Don Miller,Corporate,1378,199.7688,3,459.3333333333333
ND-184601,Neil Ducich,Corporate,1377,359.44800000000004,5,275.4
GB-45751,Giulietta Baptist,Consumer,1372,176.22,4,343.0
HA-149202,Helen Andreada,Consumer,1371,336.309,6,228.5
BM-15751,Brendan Murry,Corporate,1368,510.66,5,273.6
MS-77102,Maurice Satty,Consumer,1366,73.47,6,227.66666666666666
ME-77253,Max Engle,Consumer,1366,386.28000000000003,6,227.66666666666666
DP-31651,David Philippe,Consumer,1364,-821.1300000000001,5,272.8
BN-115151,Bradley Nguyen,Consumer,1364,220.1121,4,341.0
HF-149953,Herbert Flentye,Consumer,1363,79.812,7,194.71428571428572
GH-144854,Gene Hale,Corporate,1362,-95.4498,2,681.0
LH-170202,Lisa Hazard,Consumer,1361,-43.176,4,340.25
IM-150552,Ionia McGrath,Consumer,1357,412.854,7,193.85714285714286
MG-82051,Mitch Gastineau,Corporate,1355,467.03999999999996,3,451.6666666666667
KM-63751,Katherine Murray,Home Office,1355,16.239,2,677.5
EK-37952,Eileen Kiefer,Home Office,1355,159.69,4,338.75
TT-210703,Ted Trevino,Consumer,1354,168.47199999999998,6,225.66666666666666
CK-123252,Christine Kargatis,Home Office,1353,357.79200000000003,6,225.5
LO-71701,Lori Olson,Corporate,1349,424.32000000000005,4,337.25
RW-196302,Rob Williams,Corporate,1349,106.52550000000001,5,269.8
SB-201704,Sarah Bern,Consumer,1348,157.6658,3,449.3333333333333
LM-170654,Liz MacKendrick,Consumer,1347,-44.878,5,269.4
BP-10952,Bart Pistole,Corporate,1346,381.072,3,448.6666666666667
TP-114152,Tom Prescott,Consumer,1344,311.67,1,1344.0
BM-111402,Becky Martin,Consumer,1344,56.5245,6,224.0
AH-5852,Angele Hood,Consumer,1343,-264.94800000000004,7,191.85714285714286
TB-114002,Tom Boeckenhauer,Consumer,1343,95.64300000000001,7,191.85714285714286
MG-176954,Maureen Gnade,Consumer,1342,-398.79319999999996,3,447.3333333333333
SJ-202154,Sarah Jordon,Consumer,1341,-23.5137,6,223.5
KL-66451,Ken Lonsdale,Consumer,1340,-611.118,3,446.6666666666667
DW-34801,Dianna Wilson,Home Office,1339,151.776,4,334.75
PS-89702,Paul Stevenson,Home Office,1339,-387.972,2,669.5
DC-128502,Dan Campbell,Consumer,1339,273.96000000000004,3,446.3333333333333
BM-117854,Bryan Mills,Consumer,1338,137.7439,10,133.8
SR-204253,Sharelle Roach,Home Office,1337,-186.08656,3,445.6666666666667
EA-140352,Erin Ashbrook,Corporate,1337,213.288,3,445.6666666666667
KD-164953,Keith Dawkins,Corporate,1336,-93.572,4,334.0
BF-110054,Barry Franz,Home Office,1336,-291.3811,4,334.0
SC-106951,Steve Chapman,Corporate,1335,-157.35299999999995,3,445.0
NM-184452,Nathan Mautz,Home Office,1335,328.854,5,267.0
BH-17101,Brosina Hoffman,Consumer,1333,613.2,3,444.3333333333333
IL-151002,Ivan Liston,Consumer,1333,-115.62299999999998,6,222.16666666666666
HR-148302,Harold Ryan,Corporate,1333,-76.05000000000001,4,333.25
SP-205453,Sibella Parks,Corporate,1332,309.94,5,266.4
NP-87001,Nora Preis,Consumer,1330,-26.075999999999986,4,332.5
PL-189253,Paul Lucas,Home Office,1329,82.208,3,443.0
SK-99902,Sally Knutson,Consumer,1327,274.548,4,331.75
KF-162852,Karen Ferguson,Home Office,1326,420.549,6,221.0
BN-14701,Brad Norvell,Corporate,1325,387.3,3,441.6666666666667
MC-72751,Marc Crier,Consumer,1324,44.672999999999995,3,441.3333333333333
SS-201404,Saphhira Shifley,Corporate,1324,332.3487,8,165.5
EM-140953,Eudokia Martin,Corporate,1324,281.79200000000003,3,441.3333333333333
MT-180704,Michelle Tran,Home Office,1321,-23.67630000000001,4,330.25
DM-129554,Dario Medina,Corporate,1321,108.75829999999999,7,188.71428571428572
SB-101701,Sarah Bern,Consumer,1321,264.93,2,660.5
LS-69451,Linda Southworth,Corporate,1321,474.82800000000003,5,264.2
LS-169453,Linda Southworth,Corporate,1321,224.52476000000001,5,264.2
BS-113651,Bill Shonely,Corporate,1321,451.62,4,330.25
RF-197352,Roland Fjeld,Consumer,1320,368.76,3,440.0
SJ-205004,Shirley Jackson,Consumer,1319,68.09629999999999,5,263.8
CM-21901,Charlotte Melton,Consumer,1317,-513.12,3,439.0
CC-121001,Chad Cunningham,Home Office,1317,435.96900000000005,3,439.0
LC-168703,Lena Cacioppo,Consumer,1317,19.43836,4,329.25
PM-191352,Peter McVee,Home Office,1315,268.23,9,146.11111111111111
MM-172604,Magdelene Morse,Consumer,1315,178.402,4,328.75
TN-210402,Tanja Norvell,Home Office,1313,-401.844,7,187.57142857142858
JL-51301,Jack Lebron,Consumer,1313,-1129.116,4,328.25
KH-63301,Katharine Harms,Corporate,1311,-180.45599999999996,6,218.5
MK-81601,Mike Kennedy,Consumer,1310,336.78000000000003,2,655.0
LC-71401,Logan Currie,Consumer,1309,211.32,1,1309.0
PB-191502,Philip Brown,Consumer,1308,159.85500000000002,8,163.5
ST-205302,Shui Tom,Consumer,1308,126.71399999999998,10,130.8
TS-216553,Trudy Schmidt,Consumer,1308,304.70399999999995,5,261.6
MK-81603,Mike Kennedy,Consumer,1307,94.26599999999996,7,186.71428571428572
SP-205454,Sibella Parks,Corporate,1306,-118.77570000000001,6,217.66666666666666
NB-185801,Nicole Brennan,Corporate,1306,127.89599999999999,3,435.3333333333333
NF-83853,Natalie Fritzler,Consumer,1305,255.66,3,435.0
RM-96753,Robert Marley,Home Office,1305,-409.65599999999995,6,217.5
MC-175754,Matt Collins,Consumer,1304,210.7493,8,163.0
CM-21151,Chad McGuire,Consumer,1304,146.57999999999998,2,652.0
ME-73202,Maria Etezadi,Home Office,1302,229.59,6,217.0
EK-137954,Eileen Kiefer,Home Office,1302,97.1066,4,325.5
EM-40653,Erin Mull,Consumer,1300,265.536,4,325.0
Co-126404,Corey-Lock,Consumer,1300,205.6282,5,260.0
HR-147704,Hallie Redmond,Home Office,1299,185.5794,5,259.8
DO-134354,Denny Ordway,Consumer,1298,-38.90859999999999,9,144.22222222222223
FA-142303,Frank Atkinson,Corporate,1297,221.06400000000002,5,259.4
HH-50101,Hilary Holden,Corporate,1296,305.52,1,1296.0
RP-198553,Roy Phan,Corporate,1294,-398.432,5,258.8
FH-142753,Frank Hawley,Corporate,1292,-120.74,5,258.4
DM-133453,Denise Monton,Corporate,1290,193.2,4,322.5
AZ-107502,Annie Zypern,Consumer,1287,128.31300000000002,4,321.75
BB-115451,Brenda Bowman,Corporate,1286,195.87,4,321.5
RD-198102,Ross DeVincentis,Home Office,1286,313.332,5,257.2
GR-145604,Georgia Rosenberg,Corporate,1285,359.83320000000003,2,642.5
CR-128202,Cyra Reiten,Home Office,1284,430.278,8,160.5
CJ-120102,Caroline Jumper,Consumer,1283,-248.2515,6,213.83333333333334
ME-173203,Maria Etezadi,Home Office,1281,-50.792,4,320.25
LT-67651,Larry Tron,Consumer,1279,259.56,2,639.5
CS-118454,Cari Sayre,Corporate,1279,185.3776,5,255.8
PS-189704,Paul Stevenson,Home Office,1278,198.5099,8,159.75
KH-165103,Keith Herrera,Consumer,1277,325.12,4,319.25
AJ-7951,Anthony Johnson,Corporate,1276,160.32,5,255.2
SJ-102153,Sarah Jordon,Consumer,1276,159.732,6,212.66666666666666
JG-51601,James Galang,Consumer,1274,-51.384,6,212.33333333333334
GM-146953,Greg Maxwell,Corporate,1272,107.96400000000001,7,181.71428571428572
SV-208154,Stuart Van,Corporate,1271,199.6502,4,317.75
KT-164801,Kean Thornton,Consumer,1271,-358.81230000000005,5,254.2
DV-30451,Darrin Van Huff,Corporate,1269,115.79099999999998,3,423.0
DE-132552,Deanra Eno,Home Office,1269,395.535,4,317.25
BD-116052,Brian Dahlen,Consumer,1268,378.546,3,422.6666666666667
BW-11103,Bart Watters,Corporate,1268,146.1,5,253.6
CD-119203,Carlos Daly,Consumer,1267,-55.836,8,158.375
DO-136454,Doug O'Connell,Consumer,1267,294.0676,7,181.0
RM-196753,Robert Marley,Home Office,1266,575.86,3,422.0
PA-190601,Pete Armstrong,Home Office,1265,3.574200000000004,5,253.0
GW-46052,Giulietta Weimer,Consumer,1265,313.2,3,421.6666666666667
TS-212052,Thomas Seio,Corporate,1262,-16.862999999999985,9,140.22222222222223
EM-41402,Eugene Moren,Home Office,1262,-134.34,2,631.0
CL-118904,Carl Ludwig,Consumer,1262,328.0847,4,315.5
LW-171254,Liz Willingham,Consumer,1259,192.6312,3,419.6666666666667
SW-204552,Shaun Weien,Consumer,1259,270.984,8,157.375
ME-180104,Michelle Ellison,Corporate,1257,107.3604,4,314.25
DO-34352,Denny Ordway,Consumer,1256,382.848,5,251.2
GM-145004,Gene McClure,Consumer,1255,441.3185,10,125.5
SC-206804,Steve Carroll,Home Office,1255,370.1578,6,209.16666666666666
MH-176204,Matt Hagelstein,Corporate,1253,122.36120000000001,4,313.25
LW-171253,Liz Willingham,Consumer,1252,381.04800000000006,3,417.3333333333333
RH-95102,Rick Huthwaite,Home Office,1252,33.900000000000034,3,417.3333333333333
JL-158503,John Lucas,Consumer,1251,103.66799999999999,6,208.5
AH-302,Aaron Hawkins,Corporate,1248,426.12,3,416.0
DK-31502,David Kendrick,Corporate,1246,7.4339999999999975,10,124.6
ER-138554,Elpida Rittenbach,Corporate,1245,-295.73980000000006,3,415.0
JW-159554,Joni Wasserman,Consumer,1245,-29.57589999999999,7,177.85714285714286
TC-214754,Tony Chapman,Home Office,1245,119.104,9,138.33333333333334
EH-39451,Eric Hoffmann,Consumer,1244,313.98,3,414.6666666666667
JS-159403,Joni Sundaresam,Home Office,1243,21.976,4,310.75
AR-3451,Alex Russell,Corporate,1243,230.64000000000001,3,414.3333333333333
CM-127152,Craig Molinari,Corporate,1243,179.6775,6,207.16666666666666
KH-66903,Kristen Hastings,Corporate,1241,-170.25600000000003,3,413.6666666666667
MG-178754,Michael Grace,Home Office,1241,-470.7684,5,248.2
MM-80552,Michelle Moray,Consumer,1239,-705.015,6,206.5
NP-187003,Nora Preis,Consumer,1238,359.752,6,206.33333333333334
DA-34501,Dianna Arnett,Home Office,1237,361.08000000000004,2,618.5
JG-153103,Jason Gross,Corporate,1234,386.76,5,246.8
AB-101053,Adrian Barton,Consumer,1234,-260.716,10,123.4
MZ-75151,Mary Zewe,Corporate,1234,-413.829,6,205.66666666666666
AS-451,Aaron Smayling,Corporate,1234,98.73,2,617.0
MS-73651,Maribeth Schnelling,Consumer,1233,205.05,4,308.25
NP-186854,Nora Pelletier,Home Office,1229,514.5017,6,204.83333333333334
GH-144101,Gary Hansen,Home Office,1228,277.338,4,307.0
RP-98552,Roy Phan,Corporate,1226,-1075.3709999999999,4,306.5
MP-81752,Mike Pelletier,Home Office,1225,-150.36599999999999,3,408.3333333333333
HG-48452,Harry Greene,Consumer,1223,242.05800000000002,3,407.6666666666667
SM-109502,Suzanne McNair,Corporate,1223,122.38800000000002,7,174.71428571428572
KN-64501,Kean Nguyen,Corporate,1221,373.494,6,203.5
PJ-188354,Patrick Jones,Corporate,1220,442.13550000000004,8,152.5
EH-140054,Erica Hernandez,Home Office,1220,-94.14079999999997,7,174.28571428571428
DH-36753,Duane Huffman,Home Office,1220,145.428,5,244.0
CR-26251,Corey Roper,Home Office,1216,244.911,5,243.2
JL-151304,Jack Lebron,Consumer,1215,-207.79559999999998,6,202.5
NC-84152,Nathan Cano,Consumer,1215,258.438,3,405.0
JP-55201,Jeremy Pistek,Consumer,1213,352.578,1,1213.0
JD-160601,Julia Dunbar,Consumer,1212,384.825,2,606.0
AR-105103,Andrew Roberts,Consumer,1210,192.24436,6,201.66666666666666
LS-69453,Linda Southworth,Corporate,1210,-465.504,6,201.66666666666666
VM-118351,Vivian Mathis,Consumer,1209,318.03000000000003,2,604.5
AJ-107951,Anthony Johnson,Corporate,1209,209.388,6,201.5
MA-175601,Matt Abelman,Home Office,1209,52.0914,5,241.8
MH-181153,Mick Hernandez,Home Office,1208,-203.876,4,302.0
PJ-188353,Patrick Jones,Corporate,1208,-0.1699999999999875,5,241.6
IM-50552,Ionia McGrath,Consumer,1207,447.75,4,301.75
CK-122053,Chloris Kastensmidt,Consumer,1207,138.29484,7,172.42857142857142
CD-122804,Christina DeMoss,Consumer,1206,233.0274,2,603.0
JL-151301,Jack Lebron,Consumer,1206,125.9331,4,301.5
DW-135854,Dorothy Wardle,Corporate,1205,-266.8966,7,172.14285714285714
SC-202603,Scott Cohen,Corporate,1205,-52.81999999999999,6,200.83333333333334
GB-145302,George Bell,Corporate,1204,-420.726,3,401.3333333333333
EJ-37201,Ed Jacobs,Consumer,1204,107.694,5,240.8
MD-178604,Michael Dominguez,Corporate,1203,-4.040299999999995,5,240.6
MV-174853,Mark Van Huff,Consumer,1202,442.304,4,300.5
DB-135552,Dorothy Badders,Corporate,1202,77.667,2,601.0
DR-28802,Dan Reichenbach,Corporate,1201,398.844,3,400.3333333333333
JM-155352,Jessica Myrick,Consumer,1201,123.0,5,240.2
MY-173803,Maribeth Yedwab,Corporate,1198,260.6404,5,239.6
BF-109753,Barbara Fisher,Corporate,1196,133.652,4,299.0
GP-47402,Guy Phonely,Corporate,1196,-113.51699999999998,4,299.0
RB-194652,Rick Bensley,Home Office,1190,294.16499999999996,5,238.0
JD-60151,Joy Daniels,Consumer,1188,-1035.693,3,396.0
DW-31952,David Wiener,Corporate,1187,106.47599999999998,3,395.6666666666667
EB-141704,Evan Bailliet,Consumer,1187,282.1701,6,197.83333333333334
JL-52351,Janet Lee,Consumer,1186,442.53000000000003,1,1186.0
DM-35252,Don Miller,Corporate,1183,422.4,2,591.5
BW-112002,Ben Wallace,Consumer,1183,489.672,4,295.75
AR-104053,Allen Rosenblatt,Corporate,1182,172.77088,4,295.5
BP-112304,Benjamin Patterson,Consumer,1181,-197.26950000000002,5,236.2
DB-29102,Daniel Byrd,Home Office,1180,207.54,2,590.0
FC-143353,Fred Chung,Corporate,1180,162.99844,6,196.66666666666666
JB-60452,Julia Barnett,Home Office,1178,361.566,6,196.33333333333334
PS-87602,Pamela Stobb,Consumer,1175,-314.05799999999994,4,293.75
AC-106601,Anna Chung,Consumer,1175,-38.54820000000002,4,293.75
DC-132854,Debra Catini,Consumer,1175,132.06820000000002,5,235.0
TS-113401,Toby Swindell,Consumer,1173,319.56,1,1173.0
JE-154752,Jeremy Ellison,Consumer,1173,161.976,6,195.5
AT-104354,Alyssa Tate,Home Office,1172,100.87680000000002,6,195.33333333333334
FP-143202,Frank Preis,Consumer,1172,-372.003,5,234.4
VG-217901,Vivek Gonzalez,Consumer,1172,91.095,8,146.5
EM-39601,Eric Murdock,Consumer,1171,397.974,4,292.75
CB-24152,Christy Brittain,Consumer,1169,-214.872,3,389.6666666666667
DB-130603,Dave Brooks,Consumer,1169,-7.860039999999987,4,292.25
TB-212802,Toby Braunhardt,Consumer,1166,98.559,4,291.5
JM-56552,Jim Mitchum,Corporate,1164,249.54000000000002,1,1164.0
CR-126252,Corey Roper,Home Office,1164,214.062,6,194.0
LT-171103,Liz Thompson,Consumer,1163,281.85536,3,387.6666666666667
ON-87152,Odella Nelson,Corporate,1162,-889.398,3,387.3333333333333
GM-145001,Gene McClure,Consumer,1161,107.39670000000001,3,387.0
PC-87452,Pamela Coakley,Corporate,1161,468.24,3,387.0
KB-162402,Karen Bern,Corporate,1158,319.395,8,144.75
MT-78152,Meg Tillman,Consumer,1157,-139.99200000000002,4,289.25
JR-156704,Jim Radford,Consumer,1157,-785.1645,2,578.5
DB-136604,Duane Benoit,Consumer,1156,177.67350000000002,7,165.14285714285714
GZ-44703,Gary Zandusky,Consumer,1154,198.99599999999998,5,230.8
AR-105401,Andy Reiter,Consumer,1154,145.05149999999998,4,288.5
GG-146503,Greg Guthrie,Corporate,1154,-203.98124,4,288.5
LW-169901,Lindsay Williams,Corporate,1151,367.179,4,287.75
CG-125204,Claire Gute,Consumer,1148,169.9344,3,382.6666666666667
ZC-219103,Zuschuss Carroll,Consumer,1148,47.92556,6,191.33333333333334
TT-112201,Thomas Thornton,Consumer,1146,353.262,4,286.5
BB-115453,Brenda Bowman,Corporate,1146,47.721880000000006,6,191.0
JS-160302,Joy Smith,Consumer,1146,-237.237,7,163.71428571428572
JK-153701,Jay Kimmel,Consumer,1145,279.5448,5,229.0
KC-166754,Kimberly Carter,Corporate,1145,156.7797,4,286.25
DP-133903,Dennis Pardue,Home Office,1141,296.90000000000003,5,228.2
DM-30152,Darrin Martin,Consumer,1141,381.84,3,380.3333333333333
CW-119054,Carl Weiss,Home Office,1138,370.8298,6,189.66666666666666
YS-118802,Yana Sorensen,Corporate,1138,327.972,4,284.5
NC-185351,Nick Crebassa,Corporate,1137,207.357,5,227.4
RD-198104,Ross DeVincentis,Home Office,1137,318.4625,8,142.125
RD-97202,Roger Demir,Consumer,1136,381.192,4,284.0
SG-206052,Speros Goranitis,Consumer,1134,14.345999999999997,7,162.0
RW-195403,Rick Wilson,Corporate,1134,295.216,3,378.0
BE-114103,Bobby Elias,Consumer,1131,226.16675999999998,8,141.375
JS-156854,Jim Sink,Corporate,1130,-54.869200000000006,4,282.5
MH-180251,Michelle Huthwaite,Consumer,1129,-3.6000000000000014,1,1129.0
LP-170802,Liz Pelletier,Consumer,1128,89.466,7,161.14285714285714
PW-190301,Pauline Webber,Corporate,1126,-14.346900000000005,9,125.11111111111111
AY-105553,Andy Yotov,Corporate,1125,400.98844,4,281.25
LS-169752,Lindsay Shagiari,Home Office,1123,53.730000000000004,3,374.3333333333333
CC-123703,Christopher Conant,Consumer,1122,87.864,4,280.5
DV-130454,Darrin Van Huff,Corporate,1122,-427.184,5,224.4
JS-60301,Joy Smith,Consumer,1122,476.04,2,561.0
RE-194052,Ricardo Emerson,Consumer,1122,409.14599999999996,3,374.0
EB-137501,Edward Becker,Corporate,1120,237.37800000000001,2,560.0
LD-68552,Lela Donovan,Corporate,1119,-416.16,3,373.0
HR-148303,Harold Ryan,Corporate,1117,76.34336,4,279.25
PF-92252,Phillip Flathmann,Consumer,1117,-335.394,4,279.25
NR-185502,Nick Radford,Consumer,1116,190.983,4,279.0
SD-104851,Shirley Daniels,Home Office,1115,205.911,5,223.0
AB-101654,Alan Barnes,Consumer,1114,220.813,8,139.25
GT-46351,Grant Thornton,Corporate,1113,247.59,5,222.6
DP-31052,Dave Poirier,Corporate,1113,-1230.264,2,556.5
RW-196903,Robert Waldorf,Consumer,1113,292.392,6,185.5
DO-36452,Doug O'Connell,Consumer,1112,311.19,1,1112.0
CC-25502,Clay Cheatham,Consumer,1112,496.83000000000004,2,556.0
SU-206652,Stephanie Ulpright,Home Office,1111,-131.421,5,222.2
AH-102101,Alan Hwang,Consumer,1111,271.97999999999996,2,555.5
BO-14252,Bobby Odegard,Consumer,1111,199.197,4,277.75
KB-63151,Karl Braun,Consumer,1109,39.63900000000001,5,221.8
NC-185353,Nick Crebassa,Corporate,1109,-235.52,3,369.6666666666667
TS-215053,Tony Sayre,Consumer,1109,-203.6088,7,158.42857142857142
VG-118052,Vivek Grady,Corporate,1107,275.61,2,553.5
VD-116702,Valerie Dominguez,Consumer,1107,-115.53,7,158.14285714285714
DP-30001,Darren Powers,Consumer,1107,166.71,5,221.4
JR-56702,Jim Radford,Consumer,1106,225.894,4,276.5
JO-155501,Jesus Ocampo,Home Office,1106,293.844,5,221.2
NK-184902,Neil Knudson,Home Office,1104,132.504,6,184.0
EK-137951,Eileen Kiefer,Home Office,1103,-107.53379999999999,6,183.83333333333334
RW-96902,Robert Waldorf,Consumer,1103,-272.505,6,183.83333333333334
JS-155952,Jill Stevenson,Corporate,1099,294.282,6,183.16666666666666
JB-60002,Joy Bell-,Consumer,1098,-13.482,3,366.0
RE-94052,Ricardo Emerson,Consumer,1098,233.73,3,366.0
PW-92401,Pierre Wener,Consumer,1097,122.55000000000001,4,274.25
VB-217453,Victoria Brennan,Corporate,1097,-383.96939999999995,3,365.6666666666667
JM-152652,Janet Molinari,Corporate,1096,409.11,6,182.66666666666666
LC-69302,Linda Cazamias,Corporate,1096,-162.26099999999997,3,365.3333333333333
TM-214904,Tony Molinari,Consumer,1095,292.521,3,365.0
BD-116353,Brian Derr,Consumer,1093,336.512,5,218.6
JO-155504,Jesus Ocampo,Home Office,1092,167.6709,5,218.4
DR-28801,Dan Reichenbach,Corporate,1091,-527.091,5,218.2
CA-123101,Christine Abelman,Corporate,1091,260.1189,5,218.2
AG-7652,Anthony Garverick,Home Office,1090,-184.218,4,272.5
DB-129101,Daniel Byrd,Home Office,1088,-49.7133,4,272.0
EH-41251,Eugene Hildebrand,Home Office,1087,60.57599999999998,7,155.28571428571428
TS-211603,Theresa Swint,Corporate,1086,210.07600000000002,5,217.2
SW-202454,Scot Wooten,Consumer,1085,-19.60620000000001,7,155.0
AA-4802,Andrew Allen,Consumer,1085,488.1,1,1085.0
NH-86103,Nicole Hansen,Corporate,1085,-229.75799999999998,3,361.6666666666667
RP-193902,Resi Pölking,Consumer,1082,36.555,6,180.33333333333334
JF-154904,Jeremy Farry,Consumer,1082,-18.06730000000001,11,98.36363636363636
DB-133604,Dennis Bolton,Home Office,1081,291.0085,5,216.2
VM-218352,Vivian Mathis,Consumer,1081,97.779,7,154.42857142857142
MY-82952,Muhammed Yedwab,Corporate,1081,-480.126,4,270.25
MJ-77401,Max Jones,Consumer,1080,429.24,2,540.0
DB-29103,Daniel Byrd,Home Office,1080,468.99,4,270.0
NS-86402,Noel Staavos,Corporate,1079,-253.809,4,269.75
DW-131954,David Wiener,Corporate,1079,-86.8738,6,179.83333333333334
JK-60901,Juliana Krohn,Consumer,1078,-1398.816,3,359.3333333333333
KB-62402,Karen Bern,Corporate,1077,298.02,4,269.25
PO-88501,Patrick O'Brill,Consumer,1076,371.556,2,538.0
CS-124904,Cindy Schnelling,Corporate,1076,-302.8761,4,269.0
AR-5702,Anemone Ratner,Consumer,1075,166.998,6,179.16666666666666
GT-147551,Guy Thornton,Consumer,1073,334.2414,7,153.28571428571428
MC-75902,Matt Collister,Corporate,1073,487.29,1,1073.0
RP-93902,Resi Pölking,Consumer,1073,438.18,2,536.5
EB-138702,Emily Burns,Consumer,1071,136.284,4,267.75
KF-162853,Karen Ferguson,Home Office,1070,395.032,5,214.0
MA-75602,Matt Abelman,Home Office,1070,-343.764,3,356.6666666666667
GA-45152,George Ashbrook,Consumer,1070,-388.36800000000005,4,267.5
CM-126551,Corinna Mitchell,Home Office,1068,160.3587,5,213.6
GM-46802,Greg Matthias,Consumer,1068,300.85200000000003,5,213.6
BD-115601,Brendan Dodson,Home Office,1066,1.1121000000000087,4,266.5
VS-118202,Vivek Sundaresam,Consumer,1066,105.38400000000001,4,266.5
PC-190004,Pauline Chand,Home Office,1062,-184.3364,2,531.0
DP-131654,David Philippe,Consumer,1059,-40.93759999999998,2,529.5
AR-3452,Alex Russell,Corporate,1058,376.092,6,176.33333333333334
JC-153854,Jenna Caffey,Consumer,1057,502.9244,1,1057.0
PO-191954,Phillina Ober,Home Office,1057,-49.70089999999999,5,211.4
VS-218204,Vivek Sundaresam,Consumer,1057,-262.8093,4,264.25
HG-50251,Hunter Glantz,Consumer,1057,119.80199999999999,4,264.25
AA-103754,Allen Armold,Consumer,1056,277.3824,9,117.33333333333333
AR-103454,Alex Russell,Corporate,1056,-221.0544,4,264.0
MG-176503,Matthew Grinstein,Home Office,1054,126.10268,5,210.8
EH-39453,Eric Hoffmann,Consumer,1053,349.40999999999997,5,210.6
DP-130004,Darren Powers,Consumer,1051,241.4524,9,116.77777777777777
LE-68101,Laurel Elliston,Consumer,1050,287.91,6,175.0
JO-155503,Jesus Ocampo,Home Office,1050,93.936,5,210.0
SJ-101251,Sanjit Jacobs,Home Office,1050,450.15,2,525.0
DF-31351,David Flashing,Consumer,1049,259.02000000000004,2,524.5
SF-102001,Sarah Foster,Consumer,1049,62.226,5,209.8
RK-193002,Ralph Kennedy,Consumer,1048,-405.26250000000005,5,209.6
DJ-36302,Doug Jacobs,Consumer,1048,374.11800000000005,4,262.0
HP-148151,Harold Pawlan,Home Office,1045,112.36200000000001,4,261.25
AJ-9452,Ashley Jarboe,Consumer,1045,166.08,2,522.5
SM-209054,Susan MacKendrick,Consumer,1044,-237.2885,1,1044.0
KD-166151,Ken Dana,Corporate,1042,270.585,4,260.5
DH-136754,Duane Huffman,Home Office,1042,116.667,4,260.5
EM-140954,Eudokia Martin,Corporate,1041,240.2362,4,260.25
LB-67353,Larry Blacks,Consumer,1041,-86.49000000000002,3,347.0
PC-90001,Pauline Chand,Home Office,1040,293.30999999999995,3,346.6666666666667
DK-28952,Dana Kaydos,Consumer,1039,196.41,4,259.75
TC-211454,Theresa Coyne,Corporate,1038,265.5332,1,1038.0
TS-211602,Theresa Swint,Corporate,1037,215.211,6,172.83333333333334
RP-92702,Rachel Payne,Corporate,1037,325.02,4,259.25
SF-200653,Sandra Flanagan,Consumer,1036,292.94,3,345.3333333333333
RA-99452,Ryan Akin,Consumer,1034,245.52,3,344.6666666666667
SP-205452,Sibella Parks,Corporate,1034,-206.50799999999998,3,344.6666666666667
AC-104202,Alyssa Crouse,Corporate,1033,214.278,7,147.57142857142858
SK-99901,Sally Knutson,Consumer,1032,380.90999999999997,3,344.0
AS-102253,Alan Schoenberger,Corporate,1031,23.88,7,147.28571428571428
DL-33152,Delfina Latchford,Consumer,1031,378.42,3,343.6666666666667
MK-181604,Mike Kennedy,Consumer,1031,227.8338,4,257.75
VT-117002,Valerie Takahito,Home Office,1030,219.12,3,343.3333333333333
SW-102752,Scott Williamson,Consumer,1025,295.83,1,1025.0
CD-127901,Cynthia Delaney,Home Office,1025,318.87,3,341.6666666666667
TH-212354,Tiffany House,Corporate,1024,92.729,8,128.0
PN-87751,Parhena Norris,Home Office,1024,353.82,3,341.3333333333333
DD-135703,Dorothy Dickinson,Consumer,1023,106.1568,6,170.5
PW-192402,Pierre Wener,Consumer,1023,358.236,5,204.6
KA-65252,Kelly Andreada,Consumer,1022,294.36,3,340.6666666666667
CJ-18752,Carl Jackson,Corporate,1020,35.622,4,255.0
SW-203504,Sean Wendt,Home Office,1019,95.8383,3,339.6666666666667
RH-196003,Rob Haberlin,Consumer,1019,75.32816,7,145.57142857142858
HK-48903,Heather Kirkland,Corporate,1018,121.56600000000003,3,339.3333333333333
ZD-119251,Zuschuss Donatelli,Consumer,1016,51.06600000000002,3,338.6666666666667
BS-16651,Brian Stugart,Consumer,1016,249.66,3,338.6666666666667
JK-61203,Julie Kriz,Home Office,1014,50.52,2,507.0
RA-99451,Ryan Akin,Consumer,1012,-27.752999999999982,6,168.66666666666666
JW-52202,Jane Waco,Corporate,1011,159.204,4,252.75
LS-172004,Luke Schmidt,Corporate,1009,244.197,6,168.16666666666666
BF-9751,Barbara Fisher,Corporate,1009,345.252,5,201.8
JC-153851,Jenna Caffey,Consumer,1008,81.873,5,201.6
RB-193304,Randy Bradley,Consumer,1008,-164.40619999999998,2,504.0
LS-172454,Lynn Smith,Consumer,1007,348.3584,6,167.83333333333334
BG-117404,Bruce Geld,Consumer,1006,119.34790000000001,6,167.66666666666666
NH-86102,Nicole Hansen,Corporate,1005,426.3,1,1005.0
EC-140503,Erin Creighton,Consumer,1003,11.909999999999997,4,250.75
CK-127601,Cyma Kinney,Corporate,1002,-273.858,4,250.5
CA-20551,Cathy Armstrong,Home Office,1002,55.440000000000005,1,1002.0
SM-203201,Sean Miller,Home Office,1002,-57.1734,4,250.5
AD-101802,Alan Dominguez,Home Office,1001,119.8785,5,200.2
JK-152051,Jamie Kunitz,Consumer,1000,310.2042,5,200.0
JF-153553,Jay Fein,Consumer,999,455.22,4,249.75
CD-19801,Carol Darley,Consumer,996,163.668,3,332.0
JK-52052,Jamie Kunitz,Consumer,996,360.78,4,249.0
VP-217304,Victor Preis,Home Office,994,205.3888,3,331.3333333333333
Dl-36001,Dorris liebe,Corporate,993,99.276,6,165.5
SC-203053,Sean Christensen,Consumer,991,411.61999999999995,4,247.75
DL-33303,Denise Leinenbach,Consumer,989,86.76,1,989.0
SF-209651,Sylvia Foulston,Corporate,988,231.60179999999997,3,329.3333333333333
CR-27301,Craig Reiter,Consumer,986,-271.68,6,164.33333333333334
BF-12752,Beth Fritzler,Corporate,985,95.42400000000002,6,164.16666666666666
TD-209953,Tamara Dahlen,Consumer,985,99.44399999999999,4,246.25
ML-82651,Muhammed Lee,Consumer,984,322.224,5,196.8
KB-166004,Ken Brennan,Corporate,984,293.55240000000003,7,140.57142857142858
KS-163003,Karen Seio,Corporate,984,160.98748,6,164.0
BP-110504,Barry Pond,Corporate,983,209.78300000000002,5,196.6
MS-79802,Michael Stewart,Corporate,983,291.03000000000003,3,327.6666666666667
JJ-57602,Joel Jenkins,Home Office,980,-59.682,3,326.6666666666667
Dp-132402,Dean percer,Home Office,980,217.47000000000003,2,490.0
EH-139902,Erica Hackney,Consumer,979,98.811,4,244.75
CM-26552,Corinna Mitchell,Home Office,979,-90.546,7,139.85714285714286
FM-143802,Fred McMath,Consumer,977,248.556,4,244.25
EH-40051,Erica Hernandez,Home Office,976,219.174,4,244.0
CM-123852,Christopher Martinez,Consumer,975,-391.95,4,243.75
DA-34502,Dianna Arnett,Home Office,975,167.16000000000003,2,487.5
VW-217753,Victoria Wilson,Corporate,975,-85.12799999999999,5,195.0
TS-213404,Toby Swindell,Consumer,974,-184.97889999999998,5,194.8
GG-46502,Greg Guthrie,Corporate,974,21.552,4,243.5
JS-58801,John Stevenson,Consumer,973,-1145.253,3,324.3333333333333
RD-195853,Rob Dowd,Consumer,973,-75.928,5,194.6
EB-39302,Eric Barreto,Consumer,972,114.18600000000002,5,194.4
RC-199603,Ryan Crowe,Consumer,971,192.436,4,242.75
RD-199304,Russell D'Ascenzo,Consumer,971,35.05740000000001,4,242.75
MD-173502,Maribeth Dona,Consumer,970,95.787,4,242.5
AR-5701,Anemone Ratner,Consumer,970,242.82000000000002,3,323.3333333333333
WB-218502,William Brown,Consumer,969,250.335,8,121.125
LH-70201,Lisa Hazard,Consumer,969,300.48,2,484.5
AB-101504,Aimee Bixby,Consumer,969,313.6597,5,193.8
SG-106051,Speros Goranitis,Consumer,968,-40.748999999999995,3,322.6666666666667
MM-79201,Michael Moore,Consumer,968,192.69,5,193.6
RC-198254,Roy Collins,Consumer,968,63.9914,6,161.33333333333334
GH-44101,Gary Hansen,Home Office,967,404.72999999999996,4,241.75
SS-208754,Sung Shariari,Consumer,966,-75.58599999999998,5,193.2
DM-30151,Darrin Martin,Consumer,966,79.05,3,322.0
ES-40802,Erin Smith,Corporate,965,-50.136,3,321.6666666666667
RO-197803,Rose O'Brian,Consumer,965,150.91199999999998,5,193.0
SG-108902,Susan Gilcrest,Corporate,965,361.47,3,321.6666666666667
CS-24602,Chuck Sachs,Consumer,964,125.124,5,192.8
MG-176953,Maureen Gnade,Consumer,962,135.88400000000001,5,192.4
HA-49052,Helen Abelman,Consumer,962,-253.14600000000002,3,320.6666666666667
JD-58952,Jonathan Doherty,Corporate,961,172.71,1,961.0
RS-97651,Roland Schwarz,Corporate,960,288.42,4,240.0
ES-40801,Erin Smith,Corporate,960,300.24,6,160.0
JD-57901,John Dryer,Consumer,959,-964.794,2,479.5
SP-206203,Stefania Perrino,Corporate,959,289.24,7,137.0
JH-159104,Jonathan Howell,Consumer,959,-13.55449999999999,7,137.0
EH-137653,Edward Hooks,Corporate,958,81.84,4,239.5
SW-107553,Steven Ward,Corporate,958,182.016,3,319.3333333333333
DP-30003,Darren Powers,Consumer,956,258.6,4,239.0
VS-218203,Vivek Sundaresam,Consumer,956,385.79999999999995,2,478.0
TB-116251,Trudy Brown,Consumer,956,178.70999999999998,2,478.0
JF-152954,Jason Fortune-,Consumer,955,97.289,5,191.0
TH-211003,Thea Hendricks,Consumer,955,34.16000000000001,5,191.0
RP-192704,Rachel Payne,Corporate,955,59.538399999999996,4,238.75
RH-196002,Rob Haberlin,Consumer,954,122.208,8,119.25
RF-97351,Roland Fjeld,Consumer,951,298.77000000000004,3,317.0
BS-118004,Bryan Spruell,Home Office,950,194.0516,2,475.0
SM-200051,Sally Matthias,Consumer,949,-101.1165,6,158.16666666666666
DN-36902,Duane Noonan,Consumer,949,251.19,1,949.0
AB-102552,Alejandro Ballentine,Home Office,949,262.755,6,158.16666666666666
PK-89101,Paul Knutson,Home Office,948,-627.654,4,237.0
AH-6901,Anna Häberlin,Corporate,948,-492.612,3,316.0
CK-22052,Chloris Kastensmidt,Consumer,947,-342.135,4,236.75
DS-30302,Darrin Sayre,Home Office,947,217.602,4,236.75
RF-198404,Roy Französisch,Consumer,947,280.0261,8,118.375
FC-42451,Frank Carlisle,Home Office,946,109.11,3,315.3333333333333
KB-164053,Katrina Bavinger,Home Office,946,-142.164,8,118.25
NP-183251,Naresj Patel,Consumer,945,-11.381999999999987,6,157.5
EB-139304,Eric Barreto,Consumer,944,0.6042000000000058,5,188.8
CC-22202,Chris Cortes,Consumer,944,258.29999999999995,5,188.8
MP-81751,Mike Pelletier,Home Office,944,227.67000000000002,3,314.6666666666667
EB-41102,Eugene Barchas,Consumer,943,-338.70000000000005,5,188.6
MH-81151,Mick Hernandez,Home Office,942,196.98,5,188.4
AJ-7803,Anthony Jacobs,Corporate,942,192.78,4,235.5
FM-42152,Filia McAdams,Corporate,941,79.434,4,235.25
RW-196902,Robert Waldorf,Consumer,941,151.092,6,156.83333333333334
KT-64651,Kean Takahito,Consumer,939,266.85,2,469.5
CG-25202,Claire Gute,Consumer,938,161.46,3,312.6666666666667
KD-64951,Keith Dawkins,Corporate,938,165.72,2,469.0
ML-77551,Max Ludwig,Home Office,937,207.42000000000002,4,234.25
BE-14551,Brad Eason,Home Office,937,350.31,1,937.0
MF-176654,Maureen Fritzler,Corporate,936,-341.5265,5,187.2
SB-101851,Sarah Brown,Consumer,935,181.08599999999998,5,187.0
EM-139604,Eric Murdock,Consumer,934,102.29599999999999,5,186.8
JW-152203,Jane Waco,Corporate,933,282.832,5,186.6
LO-71702,Lori Olson,Corporate,933,-955.305,3,311.0
JD-160152,Joy Daniels,Consumer,932,105.66,6,155.33333333333334
NF-85952,Nicole Fjeld,Home Office,931,-300.36,3,310.3333333333333
AJ-107953,Anthony Johnson,Corporate,930,108.032,3,310.0
FO-143053,Frank Olsen,Consumer,929,-94.78,7,132.71428571428572
JL-55051,Jeremy Lonsdale,Consumer,927,83.7,1,927.0
LC-68702,Lena Cacioppo,Consumer,926,319.38,6,154.33333333333334
AC-104204,Alyssa Crouse,Corporate,926,-62.1342,3,308.6666666666667
DL-28651,Dan Lawera,Consumer,926,189.12,2,463.0
KB-165853,Ken Black,Corporate,926,-61.236,4,231.5
DP-131052,Dave Poirier,Corporate,926,188.388,2,463.0
BD-116053,Brian Dahlen,Consumer,926,237.64184,3,308.6666666666667
VW-117751,Victoria Wilson,Corporate,925,273.81,1,925.0
CS-23551,Christine Sundaresam,Consumer,925,104.97,3,308.3333333333333
EH-141854,Evan Henry,Consumer,925,242.1107,6,154.16666666666666
MO-175004,Mary O'Rourke,Consumer,922,59.357699999999994,4,230.5
CW-19051,Carl Weiss,Home Office,922,179.10000000000002,3,307.3333333333333
LC-71402,Logan Currie,Consumer,922,135.66,1,922.0
JH-58201,John Huston,Consumer,920,299.031,3,306.6666666666667
NP-86702,Nora Paige,Consumer,919,104.03999999999999,4,229.75
BT-13051,Beth Thompson,Home Office,916,-80.619,6,152.66666666666666
DK-130903,Dave Kipp,Consumer,916,144.617,5,183.2
LS-72451,Lynn Smith,Consumer,915,-386.34899999999993,4,228.75
AB-102554,Alejandro Ballentine,Home Office,914,264.5675,9,101.55555555555556
FC-143352,Fred Chung,Corporate,914,186.2925,4,228.5
CD-27901,Cynthia Delaney,Home Office,910,166.434,4,227.5
KM-166603,Khloe Miller,Consumer,909,149.564,5,181.8
KB-164054,Katrina Bavinger,Home Office,909,274.297,3,303.0
CP-23402,Christine Phan,Corporate,909,157.56,1,909.0
JJ-57601,Joel Jenkins,Home Office,908,153.078,3,302.6666666666667
TC-211452,Theresa Coyne,Corporate,907,341.826,4,226.75
SL-101553,Sara Luxemburg,Home Office,906,160.32000000000002,6,151.0
CG-120404,Catherine Glotzbach,Home Office,906,86.5106,6,151.0
TH-211152,Thea Hudgings,Corporate,903,125.58,2,451.5
SC-205754,Sonia Cooley,Consumer,902,100.2253,5,180.4
AF-8703,Art Ferguson,Consumer,901,297.102,4,225.25
JB-159254,Joni Blumstein,Consumer,901,-286.9808,3,300.3333333333333
NS-85051,Neola Schneider,Consumer,901,-1094.7240000000002,3,300.3333333333333
BP-110951,Bart Pistole,Corporate,900,-156.9684,4,225.0
RM-196751,Robert Marley,Home Office,898,-8.377499999999998,3,299.3333333333333
CV-22952,Christina VanderZanden,Consumer,896,-445.482,5,179.2
LW-72151,Luke Weiss,Consumer,896,-341.376,3,298.6666666666667
JK-161202,Julie Kriz,Home Office,894,271.98,5,178.8
JC-53851,Jenna Caffey,Consumer,893,112.932,5,178.6
LS-172452,Lynn Smith,Consumer,893,164.74200000000002,3,297.6666666666667
AI-8552,Arianne Irving,Consumer,891,-79.41599999999998,3,297.0
HJ-48752,Heather Jas,Home Office,890,211.02,4,222.5
RD-194801,Rick Duston,Consumer,890,332.13,2,445.0
AH-5851,Angele Hood,Consumer,889,416.6700000000001,2,444.5
CC-24302,Chuck Clark,Home Office,889,99.42,1,889.0
SF-209652,Sylvia Foulston,Corporate,888,155.334,3,296.0
HZ-149504,Henia Zydlo,Consumer,887,-130.3879,5,177.4
MS-75302,MaryBeth Skach,Consumer,887,-378.56399999999996,7,126.71428571428571
AB-100154,Aaron Bergman,Consumer,887,129.3465,3,295.6666666666667
JO-152802,Jas O'Carroll,Consumer,886,103.2,1,886.0
RC-199604,Ryan Crowe,Consumer,886,10.563300000000012,6,147.66666666666666
CP-20852,Cathy Prescott,Corporate,885,246.32999999999998,1,885.0
CS-121304,Chad Sievert,Consumer,885,143.8339,4,221.25
SS-105901,Sonia Sunley,Consumer,884,337.74,2,442.0
HE-148004,Harold Engle,Corporate,884,274.4028,4,221.0
SK-199904,Sally Knutson,Consumer,884,168.7933,3,294.6666666666667
MG-176803,Maureen Gastineau,Home Office,884,-158.808,5,176.8
KM-62252,Kalyca Meade,Corporate,884,159.408,2,442.0
JP-55203,Jeremy Pistek,Consumer,881,-98.36399999999999,2,440.5
EM-40953,Eudokia Martin,Corporate,881,-255.11999999999998,5,176.2
RW-95402,Rick Wilson,Corporate,878,-17.49600000000001,3,292.6666666666667
DM-29551,Dario Medina,Corporate,878,-172.45199999999997,3,292.6666666666667
RE-194504,Richard Eichhorn,Consumer,878,209.2294,5,175.6
NP-187001,Nora Preis,Consumer,877,-78.249,6,146.16666666666666
CS-21303,Chad Sievert,Consumer,877,-701.352,1,877.0
RM-97502,Roland Murray,Consumer,876,-74.505,6,146.0
JK-61202,Julie Kriz,Home Office,875,76.11,1,875.0
SB-201703,Sarah Bern,Consumer,874,145.48000000000002,2,437.0
JA-59701,Joseph Airdo,Consumer,872,202.623,3,290.6666666666667
EB-41701,Evan Bailliet,Consumer,872,249.39,4,218.0
CC-26702,Craig Carreira,Consumer,870,56.501999999999995,4,217.5
AH-6902,Anna Häberlin,Corporate,869,162.77999999999997,2,434.5
RE-94051,Ricardo Emerson,Consumer,868,53.943,3,289.3333333333333
KB-62401,Karen Bern,Corporate,868,219.51000000000002,3,289.3333333333333
SF-109651,Sylvia Foulston,Corporate,868,233.82,3,289.3333333333333
AM-7051,Anne McFarland,Consumer,867,297.96,4,216.75
AG-3001,Aleksandra Gannaway,Corporate,866,-802.452,2,433.0
JM-156554,Jim Mitchum,Corporate,865,117.204,5,173.0
EM-38102,Eleni McCrary,Corporate,865,306.93,2,432.5
KH-163602,Katherine Hughes,Consumer,864,19.992000000000004,4,216.0
JR-157004,Jocasta Rupert,Consumer,864,107.985,1,864.0
PM-89401,Paul MacIntyre,Consumer,863,152.076,4,215.75
HE-48002,Harold Engle,Corporate,863,202.02,5,172.6
AF-108854,Art Foster,Consumer,862,-163.1175,4,215.5
EH-139903,Erica Hackney,Consumer,862,109.52000000000001,7,123.14285714285714
CS-18601,Cari Schnelling,Consumer,861,163.44,4,215.25
JK-53702,Jay Kimmel,Consumer,861,314.58,2,430.5
SV-108151,Stuart Van,Corporate,858,-1097.3999999999999,2,429.0
GT-47102,Greg Tran,Consumer,858,285.18,2,429.0
JS-158803,John Stevenson,Consumer,858,-26.848,3,286.0
JC-161054,Julie Creighton,Corporate,858,201.5952,5,171.6
SC-103052,Sean Christensen,Consumer,857,194.31,2,428.5
MS-179804,Michael Stewart,Corporate,855,55.226,6,142.5
TB-116252,Trudy Brown,Consumer,854,-545.568,3,284.6666666666667
VM-218351,Vivian Mathis,Consumer,851,73.428,7,121.57142857142857
BP-11553,Becky Pak,Consumer,850,120.92999999999999,4,212.5
BP-11852,Ben Peterman,Corporate,850,-633.84,6,141.66666666666666
CC-122201,Chris Cortes,Consumer,850,186.828,5,170.0
CS-118452,Cari Sayre,Corporate,850,-81.89699999999999,5,170.0
JP-161353,Julie Prescott,Home Office,849,116.11999999999998,4,212.25
AC-4202,Alyssa Crouse,Corporate,849,87.39600000000002,3,283.0
PF-91203,Peter Fuller,Consumer,847,199.95,6,141.16666666666666
VF-217154,Vicky Freymann,Home Office,847,-96.27799999999999,5,169.4
VG-217904,Vivek Gonzalez,Consumer,846,143.6268,6,141.0
JS-155953,Jill Stevenson,Corporate,845,7.73599999999999,4,211.25
CS-121754,Charles Sheldon,Corporate,844,113.1405,5,168.8
NP-186852,Nora Pelletier,Home Office,843,86.8005,6,140.5
LH-167502,Larry Hughes,Consumer,842,219.84,2,421.0
AC-4201,Alyssa Crouse,Corporate,841,150.159,6,140.16666666666666
DB-35552,Dorothy Badders,Corporate,840,265.812,2,420.0
NF-184753,Neil Französisch,Home Office,839,60.006400000000006,4,209.75
HE-148001,Harold Engle,Corporate,837,1.584299999999999,5,167.4
JG-51151,Jack Garza,Consumer,836,-21.42600000000001,5,167.2
JG-53101,Jason Gross,Corporate,836,158.72400000000002,5,167.2
AG-3002,Aleksandra Gannaway,Corporate,835,-270.168,4,208.75
BM-116501,Brian Moss,Corporate,835,94.515,3,278.3333333333333
AS-106304,Ann Steele,Home Office,835,136.49190000000002,7,119.28571428571429
TB-213554,Todd Boyes,Corporate,834,268.967,5,166.8
NC-184151,Nathan Cano,Consumer,833,91.182,4,208.25
CH-120703,Cathy Hwang,Home Office,832,-238.45423999999997,4,208.0
LA-167803,Laura Armstrong,Corporate,832,166.66,2,416.0
BT-15302,Bradley Talbott,Home Office,832,395.78999999999996,1,832.0
AB-1653,Alan Barnes,Consumer,828,-6.62399999999999,4,207.0
EH-139904,Erica Hackney,Consumer,827,150.3759,6,137.83333333333334
SW-104552,Shaun Weien,Consumer,827,218.46,4,206.75
DH-136753,Duane Huffman,Home Office,822,-54.76399999999999,7,117.42857142857143
TC-114752,Tony Chapman,Home Office,822,136.14000000000001,1,822.0
DK-32251,Dean Katz,Corporate,822,101.64,5,164.4
SC-100502,Sample Company A,Home Office,819,126.354,4,204.75
TB-211904,Thomas Brumley,Home Office,816,179.0038,4,204.0
LH-69001,Lena Hernandez,Consumer,815,0.7319999999999709,2,407.5
BO-113502,Bill Overfelt,Corporate,815,8.898000000000003,4,203.75
AM-103604,Alice McCarthy,Corporate,813,194.98780000000002,5,162.6
KD-62701,Karen Daniels,Consumer,813,-1023.54,1,813.0
LR-70352,Lisa Ryan,Corporate,813,93.81,3,271.0
GH-44253,Gary Hwang,Consumer,812,149.36399999999998,2,406.0
BM-115754,Brendan Murry,Corporate,809,95.58160000000001,6,134.83333333333334
DB-129701,Darren Budd,Corporate,808,116.283,2,404.0
BS-13651,Bill Shonely,Corporate,807,258.87,3,269.0
SC-107252,Steven Cartwright,Consumer,807,36.81,4,201.75
PT-90901,Pete Takahito,Consumer,804,115.86,1,804.0
PK-189102,Paul Knutson,Home Office,802,127.776,2,401.0
AY-105551,Andy Yotov,Corporate,802,304.41,5,160.4
AG-5251,Andy Gerbode,Corporate,802,-211.644,6,133.66666666666666
ME-177252,Max Engle,Consumer,801,151.51500000000001,3,267.0
BP-111551,Becky Pak,Consumer,801,57.8865,6,133.5
NF-85951,Nicole Fjeld,Home Office,801,232.956,2,400.5
VM-116852,Valerie Mitchum,Home Office,801,-119.052,4,200.25
DK-131504,David Kendrick,Corporate,798,249.9447,2,399.0
FM-143803,Fred McMath,Consumer,796,176.23200000000003,3,265.3333333333333
KT-164652,Kean Takahito,Consumer,796,-179.89500000000004,5,159.2
MC-176354,Matthew Clasen,Corporate,795,-247.9435,4,198.75
FM-43802,Fred McMath,Consumer,795,-378.41999999999996,5,159.0
TB-212801,Toby Braunhardt,Consumer,795,-35.4243,4,198.75
SB-202903,Sean Braxton,Corporate,793,83.23599999999999,7,113.28571428571429
TB-213552,Todd Boyes,Corporate,792,176.4,2,396.0
EJ-41552,Eva Jacobs,Consumer,792,137.76,2,396.0
DB-29101,Daniel Byrd,Home Office,792,198.42000000000002,2,396.0
BF-112754,Beth Fritzler,Corporate,791,25.870199999999997,3,263.6666666666667
JH-54301,Jennifer Halladay,Consumer,790,183.63,7,112.85714285714286
ES-40203,Erica Smith,Consumer,790,164.75400000000002,4,197.5
MC-181301,Mike Caudle,Corporate,790,131.025,4,197.5
BF-10202,Barry Französisch,Corporate,789,-514.944,2,394.5
SG-100801,Sandra Glassco,Consumer,788,245.928,2,394.0
JB-60001,Joy Bell-,Consumer,786,-54.97199999999998,4,196.5
HG-148454,Harry Greene,Consumer,785,147.00320000000002,5,157.0
TW-210253,Tamara Willingham,Home Office,785,29.644,5,157.0
HM-48602,Harry Marie,Corporate,784,288.21,2,392.0
BS-15902,Brendan Sweed,Corporate,784,251.51999999999998,3,261.3333333333333
NC-85351,Nick Crebassa,Corporate,782,217.281,3,260.6666666666667
CC-26101,Corey Catlett,Corporate,782,52.818000000000005,3,260.6666666666667
KL-65552,Kelly Lampkin,Corporate,781,111.678,3,260.3333333333333
JF-54902,Jeremy Farry,Consumer,779,133.29,4,194.75
SW-107552,Steven Ward,Corporate,779,212.70000000000002,1,779.0
AS-100453,Aaron Smayling,Corporate,779,234.936,3,259.6666666666667
PG-188202,Patrick Gardner,Consumer,779,203.904,3,259.6666666666667
RC-198251,Roy Collins,Consumer,778,127.3158,4,194.5
ST-105301,Shui Tom,Consumer,777,120.99000000000001,4,194.25
MG-178904,Michael Granlund,Home Office,777,171.7372,9,86.33333333333333
MM-182804,Muhammed MacIntyre,Corporate,774,58.8916,9,86.0
JM-55352,Jessica Myrick,Consumer,774,14.667000000000009,3,258.0
AG-6751,Anna Gayman,Consumer,774,-318.02099999999996,6,129.0
BN-15151,Bradley Nguyen,Consumer,773,207.42000000000002,4,193.25
JS-58802,John Stevenson,Consumer,772,165.6,3,257.3333333333333
AG-7651,Anthony Garverick,Home Office,769,-891.06,4,192.25
LP-70953,Liz Preis,Consumer,769,57.63,2,384.5
EB-37502,Edward Becker,Corporate,766,100.713,5,153.2
EC-40502,Erin Creighton,Consumer,765,98.84400000000001,4,191.25
SF-200654,Sandra Flanagan,Consumer,764,228.16230000000002,7,109.14285714285714
DW-35403,Don Weiss,Consumer,763,-1124.9759999999999,2,381.5
DM-35253,Don Miller,Corporate,763,171.69600000000003,3,254.33333333333334
CJ-118752,Carl Jackson,Corporate,761,94.422,6,126.83333333333333
MC-75751,Matt Collins,Consumer,761,-13.319999999999999,3,253.66666666666666
SV-103651,Seth Vernon,Consumer,761,212.61,1,761.0
CS-18602,Cari Schnelling,Consumer,760,186.114,5,152.0
SW-207554,Steven Ward,Corporate,759,68.2416,2,379.5
LP-170804,Liz Pelletier,Consumer,757,110.7813,4,189.25
SZ-100352,Sam Zeldin,Home Office,756,119.52,3,252.0
Dl-136004,Dorris liebe,Corporate,756,175.2388,5,151.2
DW-131952,David Wiener,Corporate,756,144.858,3,252.0
JO-155502,Jesus Ocampo,Home Office,756,-14.154,4,189.0
NF-84751,Neil Französisch,Home Office,755,66.17999999999999,2,377.5
GB-145303,George Bell,Corporate,755,169.79999999999998,4,188.75
JS-59401,Joni Sundaresam,Home Office,755,91.00200000000001,3,251.66666666666666
Co-26401,Corey-Lock,Consumer,755,-99.72299999999998,3,251.66666666666666
SC-108452,Sung Chung,Consumer,754,19.02,3,251.33333333333334
FC-142452,Frank Carlisle,Home Office,752,213.6,4,188.0
FP-143203,Frank Preis,Consumer,751,-11.099999999999996,8,93.875
RD-196603,Robert Dilbeck,Home Office,751,88.33600000000001,5,150.2
JE-156102,Jim Epp,Corporate,750,6.378,3,250.0
TP-111301,Theone Pippenger,Consumer,748,97.149,3,249.33333333333334
AT-4352,Alyssa Tate,Home Office,748,-324.267,8,93.5
PM-91351,Peter McVee,Home Office,746,171.89999999999998,4,186.5
IG-150854,Ivan Gibson,Consumer,744,320.4982,4,186.0
CB-120253,Cassandra Brandow,Consumer,744,59.431999999999995,5,148.8
BB-109904,Barry Blumstein,Corporate,744,11.583900000000007,5,148.8
SW-103501,Sean Wendt,Home Office,743,-73.02600000000001,4,185.75
LB-67351,Larry Blacks,Consumer,743,183.66,3,247.66666666666666
CA-27752,Cynthia Arntzen,Consumer,743,-539.1899999999999,2,371.5
ML-180404,Michelle Lonsdale,Corporate,742,138.71620000000001,3,247.33333333333334
AM-107053,Anne McFarland,Consumer,742,95.44800000000001,5,148.4
AZ-107501,Annie Zypern,Consumer,742,-80.748,4,185.5
TC-215354,Tracy Collins,Home Office,742,217.933,7,106.0
CA-27751,Cynthia Arntzen,Consumer,742,-175.02300000000002,2,371.0
PB-188054,Patrick Bzostek,Home Office,741,229.2257,3,247.0
EM-141402,Eugene Moren,Home Office,741,92.613,6,123.5
RH-195554,Ritsa Hightower,Consumer,740,0.30570000000000164,2,370.0
HM-149804,Henry MacAllister,Consumer,738,117.2755,4,184.5
AH-105854,Angele Hood,Consumer,738,83.963,4,184.5
DN-36901,Duane Noonan,Consumer,735,-637.764,3,245.0
ES-40202,Erica Smith,Consumer,735,271.98,1,735.0
GT-47553,Guy Thornton,Consumer,734,-150.132,5,146.8
JE-54752,Jeremy Ellison,Consumer,734,33.288,5,146.8
MD-73501,Maribeth Dona,Consumer,732,121.11,3,244.0
HW-49352,Helen Wasserman,Corporate,732,180.03,5,146.4
MH-176201,Matt Hagelstein,Corporate,732,-191.9961,3,244.0
SP-109202,Susan Pistek,Consumer,731,65.76,2,365.5
JL-58351,John Lee,Consumer,731,-111.79499999999997,4,182.75
TB-212501,Tim Brockman,Consumer,730,115.8447,4,182.5
PA-190604,Pete Armstrong,Home Office,730,225.8588,6,121.66666666666667
PH-187904,Patricia Hirasaki,Home Office,730,47.8878,1,730.0
SN-105601,Skye Norling,Home Office,729,-276.804,2,364.5
NG-84302,Nathan Gelder,Consumer,728,179.1,1,728.0
DB-36601,Duane Benoit,Consumer,728,173.43,1,728.0
PO-91803,Philisse Overcash,Home Office,727,163.26,4,181.75
RA-199451,Ryan Akin,Consumer,726,-33.82319999999999,4,181.5
LC-71403,Logan Currie,Consumer,725,123.9,4,181.25
CL-125651,Clay Ludtke,Consumer,724,79.38,3,241.33333333333334
BF-9752,Barbara Fisher,Corporate,722,271.47,3,240.66666666666666
SC-100951,Sanjit Chand,Consumer,717,102.52199999999999,4,179.25
JM-55801,Jill Matthias,Consumer,715,158.043,3,238.33333333333334
DL-33151,Delfina Latchford,Consumer,715,154.89000000000001,3,238.33333333333334
DP-33901,Dennis Pardue,Home Office,714,131.94,2,357.0
PF-91201,Peter Fuller,Consumer,714,199.74,3,238.0
MO-79501,Michael Oakman,Consumer,712,224.22,1,712.0
MK-79053,Michael Kennedy,Corporate,712,143.83200000000002,5,142.4
TB-115952,Troy Blackwell,Consumer,712,210.81,3,237.33333333333334
JJ-154454,Jennifer Jackson,Consumer,710,200.5558,5,142.0
AH-106903,Anna Häberlin,Corporate,710,154.82912,4,177.5
TB-112801,Toby Braunhardt,Consumer,710,115.17,2,355.0
JF-54901,Jeremy Farry,Consumer,709,18.494999999999997,3,236.33333333333334
RM-93751,Raymond Messe,Consumer,709,248.76,4,177.25
JM-52651,Janet Molinari,Corporate,708,-5.057999999999993,3,236.0
ND-84603,Neil Ducich,Corporate,708,218.91,4,177.0
XP-118652,Xylona Preis,Consumer,708,21.42,1,708.0
JM-152503,Janet Martin,Consumer,708,99.25752000000001,6,118.0
TB-211903,Thomas Brumley,Home Office,706,35.18712000000001,4,176.5
BE-13351,Bill Eplett,Home Office,705,-246.111,2,352.5
RD-95852,Rob Dowd,Consumer,704,177.81,1,704.0
RR-95252,Rick Reed,Corporate,702,-52.23,5,140.4
SO-103352,Sean O'Donnell,Consumer,701,-8.052000000000003,3,233.66666666666666
CC-24752,Cindy Chapman,Consumer,701,77.1,1,701.0
BF-10051,Barry Franz,Home Office,699,250.01999999999998,1,699.0
KC-62551,Karen Carlisle,Corporate,698,39.44400000000004,3,232.66666666666666
JM-58651,John Murray,Consumer,697,-55.331999999999994,4,174.25
JK-156252,Jim Karlsson,Consumer,697,203.49,4,174.25
GH-46653,Greg Hansen,Consumer,696,-379.926,4,174.0
JD-160604,Julia Dunbar,Consumer,696,111.11410000000001,3,232.0
AC-104503,Amy Cox,Consumer,694,-185.048,3,231.33333333333334
NS-86401,Noel Staavos,Corporate,694,-43.52400000000001,4,173.5
JL-51751,James Lanier,Home Office,691,217.23000000000002,1,691.0
TB-111902,Thomas Brumley,Home Office,691,59.099999999999994,2,345.5
DS-30301,Darrin Sayre,Home Office,691,201.72,2,345.5
LH-169002,Lena Hernandez,Consumer,689,55.50000000000001,4,172.25
PB-191054,Peter Bühler,Consumer,689,218.15970000000002,4,172.25
HF-49952,Herbert Flentye,Consumer,689,-573.087,5,137.8
RF-93451,Randy Ferguson,Corporate,688,278.466,2,344.0
MM-80551,Michelle Moray,Consumer,686,66.516,2,343.0
IL-51002,Ivan Liston,Consumer,685,39.03,4,171.25
BV-12451,Benjamin Venier,Corporate,685,-595.296,3,228.33333333333334
EH-139454,Eric Hoffmann,Consumer,684,53.53980000000001,8,85.5
PM-91352,Peter McVee,Home Office,684,197.886,2,342.0
FW-43951,Fred Wasserman,Corporate,683,149.31,3,227.66666666666666
JW-159553,Joni Wasserman,Consumer,683,142.012,7,97.57142857142857
PO-191802,Philisse Overcash,Home Office,682,27.495000000000008,4,170.5
RL-196152,Rob Lucas,Consumer,682,134.82,4,170.5
JF-52951,Jason Fortune-,Consumer,681,-878.7180000000001,3,227.0
TT-112202,Thomas Thornton,Consumer,681,119.11800000000001,5,136.2
MH-76203,Matt Hagelstein,Corporate,678,-3.864000000000013,4,169.5
TS-110851,Thais Sissman,Consumer,677,153.75,3,225.66666666666666
NF-84752,Neil Französisch,Home Office,676,193.89,1,676.0
TR-213254,Toby Ritter,Consumer,676,220.3644,5,135.2
RR-95251,Rick Reed,Corporate,675,103.41,2,337.5
MW-82351,Mitch Willingham,Corporate,675,258.312,5,135.0
MS-79801,Michael Stewart,Corporate,673,121.704,2,336.5
AZ-7503,Annie Zypern,Consumer,672,-523.182,4,168.0
AF-8701,Art Ferguson,Consumer,672,201.33,4,168.0
BP-110501,Barry Pond,Corporate,671,-190.161,3,223.66666666666666
CC-21451,Charles Crestani,Consumer,671,204.83999999999997,3,223.66666666666666
AC-4501,Amy Cox,Consumer,670,81.78,3,223.33333333333334
CV-122952,Christina VanderZanden,Consumer,670,233.94,4,167.5
AD-1802,Alan Dominguez,Home Office,669,-514.212,2,334.5
TS-110853,Thais Sissman,Consumer,669,88.08,4,167.25
AB-101653,Alan Barnes,Consumer,668,207.07999999999998,5,133.6
EN-137803,Edward Nazzal,Consumer,668,-86.252,6,111.33333333333333
JL-51302,Jack Lebron,Consumer,666,277.26,1,666.0
JM-61952,Justin MacKendrick,Consumer,666,14.891999999999996,5,133.2
SG-104701,Sheri Gordon,Consumer,666,300.42,1,666.0
MM-82801,Muhammed MacIntyre,Corporate,664,-574.2449999999999,3,221.33333333333334
LW-71252,Liz Willingham,Consumer,664,167.016,4,166.0
EM-42002,Evan Minnotte,Home Office,663,73.968,2,331.5
AG-103304,Alex Grayson,Consumer,662,-5.137100000000004,5,132.4
JL-51752,James Lanier,Home Office,662,215.91,4,165.5
MB-73052,Maria Bertelson,Consumer,662,85.512,4,165.5
BG-116952,Brooke Gillingham,Corporate,662,-351.33000000000004,1,662.0
DB-32701,Deborah Brumfield,Home Office,662,135.75,1,662.0
JB-59252,Joni Blumstein,Consumer,662,92.814,5,132.4
NP-186701,Nora Paige,Consumer,660,129.23250000000002,4,165.0
AY-5551,Andy Yotov,Corporate,660,1.872000000000002,5,132.0
LS-72302,Lycoris Saunders,Consumer,660,-612.333,6,110.0
BK-112604,Berenike Kampe,Consumer,659,-63.76440000000001,6,109.83333333333333
MC-81001,Mick Crebagga,Consumer,659,205.44,3,219.66666666666666
BD-117704,Bryan Davis,Consumer,658,141.265,6,109.66666666666667
CC-26701,Craig Carreira,Consumer,658,212.1,2,329.0
SH-106351,Stefanie Holloman,Corporate,658,129.87,4,164.5
AC-106604,Anna Chung,Consumer,658,-28.700399999999995,5,131.6
FP-43202,Frank Preis,Consumer,656,83.32199999999999,3,218.66666666666666
DL-34951,Dionis Lloyd,Corporate,655,-819.192,3,218.33333333333334
GD-45902,Giulietta Dortch,Corporate,655,117.69,3,218.33333333333334
ND-183701,Natalie DeCherney,Consumer,652,85.695,3,217.33333333333334
DK-132251,Dean Katz,Corporate,652,79.6626,8,81.5
JO-51452,Jack O'Briant,Corporate,650,231.924,3,216.66666666666666
GK-46201,Grace Kelly,Corporate,649,-165.489,3,216.33333333333334
AW-108404,Anthony Witt,Consumer,649,65.7725,4,162.25
TS-111601,Theresa Swint,Corporate,646,106.44,1,646.0
LH-167501,Larry Hughes,Consumer,646,-92.27099999999999,4,161.5
GH-44102,Gary Hansen,Home Office,644,161.60999999999999,5,128.8
JW-60751,Julia West,Consumer,644,231.48000000000002,3,214.66666666666666
LO-171704,Lori Olson,Corporate,644,150.1712,5,128.8
JB-160004,Joy Bell-,Consumer,644,126.76490000000001,7,92.0
FA-42302,Frank Atkinson,Corporate,643,244.2,1,643.0
SW-203503,Sean Wendt,Home Office,642,38.02904,4,160.5
BP-12302,Benjamin Patterson,Consumer,642,175.332,4,160.5
CD-119804,Carol Darley,Consumer,641,-206.7172,3,213.66666666666666
MR-175454,Mathew Reese,Home Office,640,162.93630000000002,4,160.0
EB-39752,Erica Bern,Corporate,640,193.79999999999998,5,128.0
TC-114753,Tony Chapman,Home Office,639,1.9739999999999984,6,106.5
EM-41401,Eugene Moren,Home Office,639,75.471,4,159.75
CD-22802,Christina DeMoss,Consumer,638,180.45,3,212.66666666666666
BF-11702,Ben Ferrer,Home Office,637,255.48,4,159.25
MV-74851,Mark Van Huff,Consumer,636,66.06,2,318.0
EH-39901,Erica Hackney,Consumer,635,21.255000000000003,5,127.0
SC-200953,Sanjit Chand,Consumer,635,171.02800000000002,4,158.75
MC-76351,Matthew Clasen,Corporate,634,105.53999999999999,2,317.0
ML-180403,Michelle Lonsdale,Corporate,633,25.68,5,126.6
NB-85801,Nicole Brennan,Corporate,633,-529.593,4,158.25
AR-108251,Anthony Rawles,Corporate,633,223.8756,4,158.25
AA-103153,Alex Avila,Consumer,633,228.95999999999998,2,316.5
SC-102601,Scott Cohen,Corporate,633,58.95,1,633.0
TS-210851,Thais Sissman,Consumer,632,156.3114,3,210.66666666666666
SC-204402,Shaun Chance,Corporate,631,130.17600000000002,3,210.33333333333334
DB-30601,Dave Brooks,Consumer,631,59.081999999999994,3,210.33333333333334
CM-27151,Craig Molinari,Corporate,629,-63.263999999999996,3,209.66666666666666
AJ-109604,Astrea Jones,Consumer,629,60.4265,3,209.66666666666666
LM-170653,Liz MacKendrick,Consumer,628,-14.756,4,157.0
GM-45002,Gene McClure,Consumer,628,102.81,2,314.0
JK-61201,Julie Kriz,Home Office,625,173.07,3,208.33333333333334
BM-115752,Brendan Murry,Corporate,625,90.756,4,156.25
JO-151453,Jack O'Briant,Corporate,624,118.03999999999999,3,208.0
MH-80253,Michelle Huthwaite,Consumer,623,67.704,5,124.6
PJ-90151,Pauline Johnson,Consumer,623,-442.60800000000006,2,311.5
JK-52051,Jamie Kunitz,Consumer,621,43.44,1,621.0
PB-88052,Patrick Bzostek,Home Office,620,19.77,2,310.0
JR-62101,Justin Ritter,Corporate,617,102.69000000000001,3,205.66666666666666
MD-73503,Maribeth Dona,Consumer,616,55.368,2,308.0
BE-13352,Bill Eplett,Home Office,615,-134.57999999999998,3,205.0
RR-193154,Ralph Ritter,Consumer,615,-73.835,2,307.5
JE-56101,Jim Epp,Corporate,613,-329.20799999999997,4,153.25
SC-108451,Sung Chung,Consumer,613,242.64,1,613.0
SS-205154,Shirley Schmidt,Home Office,613,199.9345,3,204.33333333333334
SW-107551,Steven Ward,Corporate,610,104.31,3,203.33333333333334
RD-94801,Rick Duston,Consumer,609,145.8,3,203.0
MC-78452,Michael Chen,Consumer,608,98.568,2,304.0
KB-66001,Ken Brennan,Corporate,608,50.028000000000006,6,101.33333333333333
JS-55953,Jill Stevenson,Corporate,608,-724.7280000000001,3,202.66666666666666
KH-63602,Katherine Hughes,Consumer,608,200.85000000000002,3,202.66666666666666
HP-48151,Harold Pawlan,Home Office,608,123.08999999999999,2,304.0
TP-114151,Tom Prescott,Consumer,605,155.478,3,201.66666666666666
BT-114404,Bobby Trafton,Consumer,605,-77.5256,4,151.25
EH-37651,Edward Hooks,Corporate,605,-589.536,8,75.625
CM-21152,Chad McGuire,Consumer,604,130.95,1,604.0
CS-121753,Charles Sheldon,Corporate,602,30.832,3,200.66666666666666
EB-141103,Eugene Barchas,Consumer,601,70.512,3,200.33333333333334
AJ-107803,Anthony Jacobs,Corporate,601,69.272,6,100.16666666666667
MH-174403,Mark Haberlin,Corporate,601,150.652,5,120.2
BF-109754,Barbara Fisher,Corporate,600,227.4384,7,85.71428571428571
CR-28201,Cyra Reiten,Home Office,600,117.18,4,150.0
CA-20552,Cathy Armstrong,Home Office,600,75.96,2,300.0
JL-58501,John Lucas,Consumer,599,-1.2479999999999905,2,299.5
BT-15303,Bradley Talbott,Home Office,599,164.532,4,149.75
KB-166002,Ken Brennan,Corporate,598,221.58,4,149.5
GM-44401,Gary McGarr,Consumer,596,180.606,5,119.2
FC-42452,Frank Carlisle,Home Office,594,179.358,3,198.0
MZ-173354,Maria Zettner,Home Office,594,85.01910000000001,4,148.5
AC-6152,Ann Chong,Corporate,593,158.31,4,148.25
BD-16351,Brian Derr,Consumer,592,94.011,4,148.0
TB-211902,Thomas Brumley,Home Office,591,-48.17999999999999,4,147.75
TD-109953,Tamara Dahlen,Consumer,589,-470.952,1,589.0
HP-48152,Harold Pawlan,Home Office,588,120.912,3,196.0
CR-28202,Cyra Reiten,Home Office,588,-195.648,4,147.0
TC-109801,Tamara Chand,Corporate,587,-510.156,2,293.5
PM-89402,Paul MacIntyre,Consumer,587,99.99000000000001,5,117.4
NP-83253,Naresj Patel,Consumer,587,-51.40500000000001,4,146.75
NF-84753,Neil Französisch,Home Office,587,26.226,4,146.75
AS-102404,Alan Shonely,Consumer,586,33.715799999999994,7,83.71428571428571
DK-32252,Dean Katz,Corporate,585,7.1340000000000074,3,195.0
RH-95101,Rick Huthwaite,Home Office,585,-170.23200000000003,4,146.25
SF-100651,Sandra Flanagan,Consumer,585,24.939,4,146.25
DL-133304,Denise Leinenbach,Consumer,585,222.6812,4,146.25
TS-112051,Thomas Seio,Corporate,584,36.510000000000005,1,584.0
BD-116354,Brian Derr,Consumer,583,141.534,3,194.33333333333334
LC-69602,Lindsay Castell,Home Office,583,-418.278,4,145.75
PJ-88351,Patrick Jones,Corporate,581,-832.4430000000001,3,193.66666666666666
BP-11851,Ben Peterman,Corporate,580,-11.693999999999999,4,145.0
MO-75001,Mary O'Rourke,Consumer,580,16.698,3,193.33333333333334
AP-7202,Anne Pryor,Home Office,576,-64.38,2,288.0
JF-53551,Jay Fein,Consumer,575,-533.91,4,143.75
PW-90302,Pauline Webber,Corporate,574,-254.202,4,143.5
DC-32851,Debra Catini,Consumer,574,146.34,2,287.0
KE-64201,Katrina Edelman,Corporate,573,150.57,3,191.0
TP-115652,Tracy Poddar,Corporate,573,75.78,3,191.0
RH-196001,Rob Haberlin,Consumer,572,-40.4106,3,190.66666666666666
KM-63753,Katherine Murray,Home Office,572,155.79000000000002,2,286.0
HA-49202,Helen Andreada,Consumer,571,67.344,4,142.75
HZ-149503,Henia Zydlo,Consumer,571,72.88560000000001,2,285.5
DP-33903,Dennis Pardue,Home Office,571,167.34,3,190.33333333333334
TG-113103,Toby Gnade,Consumer,571,220.47,1,571.0
NK-184904,Neil Knudson,Home Office,571,121.21770000000001,7,81.57142857142857
JG-151151,Jack Garza,Consumer,570,108.42000000000002,4,142.5
LL-68402,Lauren Leatherbury,Consumer,570,219.46200000000002,5,114.0
MS-75301,MaryBeth Skach,Consumer,569,215.49,1,569.0
TC-112952,Toby Carlisle,Consumer,569,233.48999999999998,1,569.0
CS-123552,Christine Sundaresam,Consumer,568,148.164,4,142.0
AH-105853,Angele Hood,Consumer,567,-109.52000000000001,4,141.75
CD-22801,Christina DeMoss,Consumer,566,43.95,4,141.5
JL-52352,Janet Lee,Consumer,566,-82.788,3,188.66666666666666
CM-119354,Carlos Meador,Consumer,565,-43.7324,2,282.5
RS-97652,Roland Schwarz,Corporate,565,137.42999999999998,2,282.5
NC-185352,Nick Crebassa,Corporate,565,128.382,7,80.71428571428571
RS-98702,Roy Skaria,Home Office,565,96.18599999999999,4,141.25
GW-46051,Giulietta Weimer,Consumer,565,-48.861,5,113.0
DC-28503,Dan Campbell,Consumer,564,171.48000000000002,3,188.0
IM-150553,Ionia McGrath,Consumer,564,218.07536,3,188.0
PW-192401,Pierre Wener,Consumer,563,-141.1272,5,112.6
KH-163303,Katharine Harms,Corporate,563,149.3604,3,187.66666666666666
EH-139451,Eric Hoffmann,Consumer,562,-23.572500000000005,5,112.4
AA-103752,Allen Armold,Consumer,560,-60.258,3,186.66666666666666
LA-67801,Laura Armstrong,Corporate,559,148.62,3,186.33333333333334
MA-75601,Matt Abelman,Home Office,559,79.58999999999999,1,559.0
AH-101201,Adrian Hane,Home Office,558,28.512,3,186.0
EN-37802,Edward Nazzal,Consumer,557,-214.83599999999998,4,139.25
MG-76951,Maureen Gnade,Consumer,557,171.42,3,185.66666666666666
EB-139303,Eric Barreto,Consumer,557,159.98000000000002,2,278.5
AJ-9602,Astrea Jones,Consumer,556,-404.53200000000004,4,139.0
JE-157153,Joe Elijah,Consumer,556,45.844,4,139.0
CM-23851,Christopher Martinez,Consumer,553,-25.086,3,184.33333333333334
ML-73952,Marina Lichtenstein,Corporate,553,111.09,3,184.33333333333334
CS-24002,Christopher Schild,Home Office,552,118.80000000000001,2,276.0
NP-87002,Nora Preis,Consumer,552,-208.06199999999998,2,276.0
CS-124604,Chuck Sachs,Consumer,551,156.2593,2,275.5
MV-81902,Mike Vittorini,Consumer,551,93.78,4,137.75
DD-135701,Dorothy Dickinson,Consumer,551,156.291,2,275.5
CC-122203,Chris Cortes,Consumer,550,51.8928,8,68.75
LW-68252,Laurel Workman,Corporate,550,87.132,6,91.66666666666667
KW-65701,Kelly Williams,Consumer,549,174.66,2,274.5
KN-167052,Kristina Nunn,Home Office,548,107.178,3,182.66666666666666
DB-34051,Denny Blanton,Consumer,548,-30.257999999999996,2,274.0
KN-64502,Kean Nguyen,Corporate,548,-628.8720000000001,2,274.0
CK-25952,Clytie Kelty,Consumer,547,163.17,1,547.0
BG-17402,Bruce Geld,Consumer,547,-676.146,2,273.5
RW-96301,Rob Williams,Corporate,546,247.44,1,546.0
TZ-215801,Tracy Zic,Consumer,545,21.811799999999998,3,181.66666666666666
KT-64653,Kean Takahito,Consumer,545,122.03399999999999,4,136.25
VF-117151,Vicky Freymann,Home Office,543,49.35,2,271.5
BT-116803,Brian Thompson,Consumer,543,29.308,3,181.0
BT-14401,Bobby Trafton,Consumer,541,154.968,4,135.25
JE-156103,Jim Epp,Corporate,540,61.382000000000005,5,108.0
AT-4351,Alyssa Tate,Home Office,540,102.9,4,135.0
AH-4651,Amy Hunt,Consumer,540,129.84,2,270.0
MK-181603,Mike Kennedy,Consumer,539,-246.62,4,134.75
JJ-54452,Jennifer Jackson,Consumer,539,-331.776,4,134.75
JH-59852,Joseph Holt,Consumer,538,100.02,2,269.0
CS-118604,Cari Schnelling,Consumer,538,105.8275,6,89.66666666666667
FW-43952,Fred Wasserman,Corporate,537,-117.279,5,107.4
EJ-137202,Ed Jacobs,Consumer,537,52.14,4,134.25
JM-61951,Justin MacKendrick,Consumer,535,190.59,3,178.33333333333334
JL-155051,Jeremy Lonsdale,Consumer,534,-58.17000000000001,5,106.8
PK-90751,Pete Kriz,Consumer,533,84.11999999999999,1,533.0
PP-189553,Paul Prost,Home Office,533,103.068,6,88.83333333333333
CS-19501,Carlos Soltero,Consumer,533,244.47,2,266.5
PS-87601,Pamela Stobb,Consumer,531,121.86,1,531.0
NP-83252,Naresj Patel,Consumer,531,119.88,1,531.0
KB-66003,Ken Brennan,Corporate,531,95.7,4,132.75
LW-171251,Liz Willingham,Consumer,529,-176.19,1,529.0
JH-158204,John Huston,Consumer,529,26.0822,6,88.16666666666667
TB-111751,Thomas Boland,Corporate,528,185.04,1,528.0
RB-195704,Rob Beeghly,Consumer,528,76.88789999999999,5,105.6
CH-20701,Cathy Hwang,Home Office,528,36.642,3,176.0
MC-174252,Mark Cousins,Corporate,526,119.472,4,131.5
DW-131953,David Wiener,Corporate,526,48.116000000000014,4,131.5
EJ-37202,Ed Jacobs,Consumer,525,89.31,3,175.0
TS-114301,Tom Stivers,Corporate,523,172.11,4,130.75
GM-46801,Greg Matthias,Consumer,522,166.05,1,522.0
LE-168103,Laurel Elliston,Consumer,521,132.228,1,521.0
SH-99751,Sally Hughsby,Corporate,520,-391.11299999999994,2,260.0
CC-24753,Cindy Chapman,Consumer,519,106.24199999999999,2,259.5
AP-9152,Arthur Prichep,Consumer,517,32.459999999999994,2,258.5
PR-88801,Patrick Ryan,Consumer,517,-862.506,2,258.5
KD-64952,Keith Dawkins,Corporate,517,167.49,2,258.5
CW-19052,Carl Weiss,Home Office,514,192.45,1,514.0
ME-77251,Max Engle,Consumer,514,-89.565,4,128.5
AG-3301,Alex Grayson,Consumer,513,74.205,6,85.5
JE-161653,Justin Ellison,Corporate,513,15.23236,4,128.25
CC-21001,Chad Cunningham,Home Office,513,189.48,2,256.5
TP-111302,Theone Pippenger,Consumer,513,12.329999999999998,3,171.0
SN-107102,Steve Nguyen,Home Office,510,139.656,2,255.0
PW-90301,Pauline Webber,Corporate,509,-123.39600000000002,3,169.66666666666666
CC-21002,Chad Cunningham,Home Office,507,48.888,3,169.0
BB-9901,Barry Blumstein,Corporate,507,74.13,3,169.0
JB-54002,Jennifer Braxton,Corporate,506,206.19,4,126.5
DD-35702,Dorothy Dickinson,Consumer,506,17.664,3,168.66666666666666
LS-72301,Lycoris Saunders,Consumer,505,43.041,4,126.25
SA-108301,Sue Ann Reed,Consumer,505,45.80400000000001,5,101.0
TP-214152,Tom Prescott,Consumer,504,155.64,3,168.0
CS-125052,Cindy Stewart,Consumer,503,131.049,1,503.0
JP-54602,Jennifer Patt,Corporate,503,209.34000000000003,1,503.0
SP-108601,Sung Pak,Corporate,503,62.13600000000001,2,251.5
SW-103502,Sean Wendt,Home Office,501,68.13,5,100.2
PN-87752,Parhena Norris,Home Office,499,121.89,2,249.5
JE-57451,Joel Eaton,Consumer,499,106.59,1,499.0
PL-89252,Paul Lucas,Home Office,498,125.67,1,498.0
JM-58653,John Murray,Consumer,498,34.44,1,498.0
ML-73951,Marina Lichtenstein,Corporate,497,31.170000000000016,4,124.25
AY-105554,Andy Yotov,Corporate,496,103.3499,4,124.0
AA-4801,Andrew Allen,Consumer,496,25.68,2,248.0
SV-103652,Seth Vernon,Consumer,496,45.641999999999996,4,124.0
RP-192703,Rachel Payne,Corporate,495,35.17999999999999,5,99.0
JC-157753,John Castell,Consumer,495,61.59403999999999,2,247.5
PS-90452,Penelope Sewall,Home Office,489,-114.80399999999999,4,122.25
SS-108751,Sung Shariari,Consumer,489,-643.35,2,244.5
JF-153551,Jay Fein,Consumer,488,-5.0790000000000015,4,122.0
AG-2703,Alejandro Grove,Consumer,486,163.02599999999998,2,243.0
CC-21452,Charles Crestani,Consumer,486,-368.96999999999997,3,162.0
TS-111602,Theresa Swint,Corporate,484,88.23,4,121.0
CG-20402,Catherine Glotzbach,Home Office,483,-342.3,3,161.0
GR-45602,Georgia Rosenberg,Corporate,483,-158.50799999999998,2,241.5
RO-97802,Rose O'Brian,Consumer,482,-440.334,2,241.0
BT-16801,Brian Thompson,Consumer,482,83.46,2,241.0
PG-88951,Paul Gonzalez,Consumer,482,126.57,3,160.66666666666666
AA-4803,Andrew Allen,Consumer,482,40.832999999999984,2,241.0
SW-102452,Scot Wooten,Consumer,482,142.41,2,241.0
AG-4953,Andrew Gjertsen,Corporate,482,-164.658,6,80.33333333333333
BD-16052,Brian Dahlen,Consumer,481,177.32999999999998,2,240.5
SS-208752,Sung Shariari,Consumer,481,145.785,5,96.2
MC-75901,Matt Collister,Corporate,481,82.29,2,240.5
MC-81302,Mike Caudle,Corporate,480,145.62,3,160.0
LC-169603,Lindsay Castell,Home Office,478,-25.727999999999998,5,95.6
DL-29252,Daniel Lacy,Consumer,478,-73.701,5,95.6
JL-155052,Jeremy Lonsdale,Consumer,477,50.625,5,95.4
BO-13501,Bill Overfelt,Corporate,477,-15.935999999999993,3,159.0
PF-91652,Philip Fox,Consumer,476,79.932,4,119.0
MS-175304,MaryBeth Skach,Consumer,476,84.0268,4,119.0
DH-30752,Dave Hallsten,Corporate,476,-115.788,4,119.0
CR-126254,Corey Roper,Home Office,475,144.7594,3,158.33333333333334
GM-46951,Greg Maxwell,Corporate,474,90.24,3,158.0
JS-159404,Joni Sundaresam,Home Office,471,-327.9336,5,94.2
JE-154753,Jeremy Ellison,Consumer,471,-30.236000000000008,5,94.2
NC-85352,Nick Crebassa,Corporate,469,-296.88,4,117.25
TG-116401,Trudy Glocke,Consumer,469,125.83200000000001,3,156.33333333333334
LW-168253,Laurel Workman,Corporate,469,76.21224000000001,2,234.5
AG-4951,Andrew Gjertsen,Corporate,469,48.66,3,156.33333333333334
RS-98701,Roy Skaria,Home Office,467,144.39000000000001,4,116.75
JM-52502,Janet Martin,Consumer,467,152.34,2,233.5
CS-21301,Chad Sievert,Consumer,466,49.800000000000004,2,233.0
AA-6452,Anna Andreadi,Consumer,465,212.07,3,155.0
DB-31202,David Bremer,Corporate,465,30.779999999999998,2,232.5
ER-38551,Elpida Rittenbach,Corporate,464,152.79,2,232.0
CD-127903,Cynthia Delaney,Home Office,463,67.408,4,115.75
RB-193603,Raymond Buch,Consumer,463,70.03999999999999,5,92.6
EC-140504,Erin Creighton,Consumer,462,96.4256,5,92.4
PG-88201,Patrick Gardner,Consumer,459,101.88000000000001,1,459.0
PK-90752,Pete Kriz,Consumer,459,-589.806,2,229.5
SG-108901,Susan Gilcrest,Corporate,459,-60.461999999999996,3,153.0
MH-74551,Mark Hamilton,Consumer,457,-551.379,4,114.25
KL-166453,Ken Lonsdale,Consumer,457,105.328,4,114.25
LW-169903,Lindsay Williams,Corporate,456,-100.82399999999998,6,76.0
NL-183103,Nancy Lomonaco,Home Office,455,12.006,6,75.83333333333333
KM-166604,Khloe Miller,Consumer,454,91.1391,5,90.8
SJ-105001,Shirley Jackson,Consumer,454,34.577999999999996,3,151.33333333333334
HL-50402,Hunter Lopez,Consumer,452,117.39599999999999,2,226.0
MH-80251,Michelle Huthwaite,Consumer,451,-220.75799999999998,3,150.33333333333334
HJ-148753,Heather Jas,Home Office,451,74.968,4,112.75
LS-69752,Lindsay Shagiari,Home Office,451,100.74000000000001,1,451.0
GH-44852,Gene Hale,Corporate,449,67.38,1,449.0
KW-165704,Kelly Williams,Consumer,449,107.92699999999999,4,112.25
GB-45752,Giulietta Baptist,Consumer,449,-163.968,2,224.5
DM-130153,Darrin Martin,Consumer,448,154.04000000000002,3,149.33333333333334
TC-114751,Tony Chapman,Home Office,448,81.75,2,224.0
TB-112802,Toby Braunhardt,Consumer,448,156.77999999999997,2,224.0
PA-90602,Pete Armstrong,Home Office,448,10.949999999999996,3,149.33333333333334
HW-49351,Helen Wasserman,Corporate,443,-278.616,2,221.5
KN-167053,Kristina Nunn,Home Office,441,-66.97,4,110.25
SN-105602,Skye Norling,Home Office,441,87.99,1,441.0
DC-132851,Debra Catini,Consumer,440,144.36,2,220.0
TT-212654,Tim Taslimi,Corporate,439,93.9162,3,146.33333333333334
AS-901,Adam Shillingsburg,Consumer,436,76.314,4,109.0
DW-35851,Dorothy Wardle,Corporate,435,36.564,3,145.0
AM-3601,Alice McCarthy,Corporate,435,-94.68299999999999,4,108.75
CA-19651,Carol Adams,Corporate,435,-51.861,3,145.0
TZ-114453,Tom Zandusky,Corporate,434,161.76,3,144.66666666666666
LH-67502,Larry Hughes,Consumer,433,-10.571999999999997,3,144.33333333333334
ST-205304,Shui Tom,Consumer,432,84.4419,7,61.714285714285715
EK-137953,Eileen Kiefer,Home Office,432,26.316,2,216.0
JB-154001,Jennifer Braxton,Corporate,432,-4.284000000000006,3,144.0
JS-60302,Joy Smith,Consumer,431,106.19999999999999,1,431.0
SP-106501,Stephanie Phelps,Corporate,431,-123.795,3,143.66666666666666
NG-84301,Nathan Gelder,Consumer,430,26.019000000000002,3,143.33333333333334
BD-16201,Brian DeCherney,Consumer,429,-172.143,4,107.25
AB-101501,Aimee Bixby,Consumer,429,92.79299999999999,4,107.25
SC-100202,Sam Craven,Consumer,428,-131.346,3,142.66666666666666
DW-35402,Don Weiss,Consumer,428,121.35000000000001,1,428.0
VG-218054,Vivek Grady,Corporate,427,-52.333,5,85.4
JC-53401,Jasper Cacioppo,Consumer,427,58.815,5,85.4
KW-64351,Katrina Willman,Consumer,427,80.97,4,106.75
AR-4052,Allen Rosenblatt,Corporate,426,5.340000000000025,4,106.5
SJ-201251,Sanjit Jacobs,Home Office,425,64.416,4,106.25
FC-43352,Fred Chung,Corporate,425,137.19,3,141.66666666666666
JM-52652,Janet Molinari,Corporate,424,161.16,1,424.0
CT-19951,Carol Triggs,Consumer,424,-71.592,2,212.0
TB-111901,Thomas Brumley,Home Office,424,120.39,2,212.0
AP-7201,Anne Pryor,Home Office,423,119.679,4,105.75
EB-37052,Ed Braxton,Corporate,422,87.63000000000001,1,422.0
HG-50252,Hunter Glantz,Consumer,420,55.47,3,140.0
EB-141702,Evan Bailliet,Consumer,419,104.28,1,419.0
LR-69152,Lena Radford,Consumer,419,-244.596,2,209.5
SP-105451,Sibella Parks,Corporate,419,51.09,4,104.75
ME-73201,Maria Etezadi,Home Office,419,-170.682,4,104.75
SS-205904,Sonia Sunley,Consumer,418,135.5401,6,69.66666666666667
RB-94651,Rick Bensley,Home Office,418,68.97,1,418.0
TC-111451,Theresa Coyne,Corporate,417,171.72000000000003,3,139.0
PO-91801,Philisse Overcash,Home Office,416,-566.052,3,138.66666666666666
TB-112803,Toby Braunhardt,Consumer,415,-78.91799999999999,5,83.0
BT-114854,Brad Thomas,Home Office,415,126.8694,2,207.5
BP-10951,Bart Pistole,Corporate,414,3.755999999999996,3,138.0
AG-3901,Allen Goldenen,Consumer,414,-504.774,2,207.0
CA-23102,Christine Abelman,Corporate,414,83.76,2,207.0
AW-9301,Arthur Wiediger,Home Office,413,99.255,4,103.25
BG-16951,Brooke Gillingham,Corporate,413,-174.29999999999998,4,103.25
DV-134652,Dianna Vittorini,Consumer,412,112.95,2,206.0
CM-26551,Corinna Mitchell,Home Office,412,-130.55999999999997,5,82.4
AM-7053,Anne McFarland,Consumer,411,202.26,1,411.0
CJ-18751,Carl Jackson,Corporate,411,64.56,2,205.5
BW-11101,Bart Watters,Corporate,411,105.18,4,102.75
AB-1652,Alan Barnes,Consumer,411,78.0,1,411.0
JF-55652,Jill Fjeld,Consumer,410,-300.53999999999996,3,136.66666666666666
SZ-100351,Sam Zeldin,Home Office,409,11.1,1,409.0
SC-208003,Stuart Calhoun,Consumer,408,33.9084,4,102.0
PH-187902,Patricia Hirasaki,Home Office,408,169.083,1,408.0
BF-112751,Beth Fritzler,Corporate,407,80.91,1,407.0
KA-65251,Kelly Andreada,Consumer,407,-192.876,4,101.75
YC-218953,Yoseph Carroll,Corporate,406,147.24,4,101.5
EH-37652,Edward Hooks,Corporate,405,-425.232,1,405.0
TC-115352,Tracy Collins,Home Office,405,194.55,1,405.0
KH-66901,Kristen Hastings,Corporate,405,154.20000000000002,3,135.0
LW-172152,Luke Weiss,Consumer,404,30.93,4,101.0
ML-177553,Max Ludwig,Home Office,404,122.66,4,101.0
PO-91953,Phillina Ober,Home Office,403,-488.274,3,134.33333333333334
NG-83552,Nat Gilpin,Corporate,403,65.19,2,201.5
BE-14552,Brad Eason,Home Office,403,109.8,1,403.0
NF-83852,Natalie Fritzler,Consumer,402,105.15,1,402.0
MH-174404,Mark Haberlin,Corporate,400,61.428599999999996,4,100.0
RF-98402,Roy Französisch,Consumer,400,142.692,5,80.0
KT-64802,Kean Thornton,Consumer,400,-587.754,2,200.0
BF-12151,Benjamin Farhat,Home Office,399,-237.591,5,79.8
RD-199302,Russell D'Ascenzo,Consumer,399,-12.582,2,199.5
VB-117452,Victoria Brennan,Corporate,397,74.39999999999999,2,198.5
MW-82352,Mitch Willingham,Corporate,397,67.44,1,397.0
CR-125803,Clay Rozendal,Home Office,397,36.988,3,132.33333333333334
TS-116101,Troy Staebel,Consumer,397,67.44,1,397.0
EB-41702,Evan Bailliet,Consumer,396,39.45,2,198.0
KC-62552,Karen Carlisle,Corporate,395,-199.656,5,79.0
PB-91501,Philip Brown,Consumer,393,60.459,3,131.0
CG-120403,Catherine Glotzbach,Home Office,393,-0.0799999999999983,4,98.25
AT-7352,Annie Thurman,Consumer,393,138.69,4,98.25
NB-186553,Nona Balk,Corporate,392,122.228,3,130.66666666666666
CM-18151,Candace McMahon,Corporate,392,82.854,4,98.0
BT-13052,Beth Thompson,Home Office,391,36.369,4,97.75
CV-22951,Christina VanderZanden,Consumer,387,-75.62700000000001,4,96.75
BW-110654,Barry Weirich,Consumer,386,-58.2866,3,128.66666666666666
JD-160154,Joy Daniels,Consumer,386,26.7605,6,64.33333333333333
VB-117451,Victoria Brennan,Corporate,386,116.42999999999999,2,193.0
AO-8102,Anthony O'Donnell,Corporate,386,90.21,1,386.0
JK-153254,Jason Klamczynski,Corporate,384,55.32769999999999,3,128.0
MC-78451,Michael Chen,Consumer,384,50.13,2,192.0
RK-93001,Ralph Kennedy,Consumer,383,60.09,2,191.5
MM-79202,Michael Moore,Consumer,382,42.0,1,382.0
Dp-32401,Dean percer,Home Office,382,66.69,4,95.5
VM-218354,Vivian Mathis,Consumer,381,116.6373,5,76.2
CS-23552,Christine Sundaresam,Consumer,381,9.509999999999998,6,63.5
LT-71102,Liz Thompson,Consumer,379,88.05,2,189.5
AS-452,Aaron Smayling,Corporate,379,-390.486,1,379.0
NF-184754,Neil Französisch,Home Office,377,85.92779999999999,4,94.25
AB-106003,Ann Blume,Corporate,377,74.66,3,125.66666666666667
GB-45301,George Bell,Corporate,375,76.2,2,187.5
JD-58953,Jonathan Doherty,Corporate,375,-298.656,2,187.5
CR-27302,Craig Reiter,Consumer,374,59.076,5,74.8
CG-120402,Catherine Glotzbach,Home Office,373,-139.85999999999999,2,186.5
KC-66752,Kimberly Carter,Corporate,373,-124.12799999999999,2,186.5
SS-105151,Shirley Schmidt,Home Office,373,116.16,1,373.0
MH-76201,Matt Hagelstein,Corporate,372,132.99,2,186.0
AR-5101,Andrew Roberts,Consumer,371,148.89,2,185.5
AW-9302,Arthur Wiediger,Home Office,370,-4.17,2,185.0
MS-178304,Melanie Seite,Consumer,370,19.4312,4,92.5
DB-32101,Dean Braden,Consumer,370,-42.759,6,61.666666666666664
IL-51001,Ivan Liston,Consumer,368,-102.192,3,122.66666666666667
LS-172304,Lycoris Saunders,Consumer,368,39.1952,3,122.66666666666667
AG-103004,Aleksandra Gannaway,Corporate,367,59.288399999999996,4,91.75
RB-197052,Roger Barcio,Home Office,367,-1.8359999999999985,3,122.33333333333333
ES-40201,Erica Smith,Consumer,367,-70.74600000000001,2,183.5
EM-142004,Evan Minnotte,Home Office,367,21.772100000000002,3,122.33333333333333
AA-3751,Allen Armold,Consumer,365,49.482,4,91.25
KD-63451,Katherine Ducich,Consumer,364,46.05,4,91.0
RD-94803,Rick Duston,Consumer,363,122.00999999999999,2,181.5
MR-75452,Mathew Reese,Home Office,363,75.78,3,121.0
IM-150551,Ionia McGrath,Consumer,362,-72.6696,2,181.0
JD-57902,John Dryer,Consumer,362,59.766000000000005,3,120.66666666666667
GH-46651,Greg Hansen,Consumer,361,77.41499999999999,4,90.25
ND-83701,Natalie DeCherney,Consumer,360,52.620000000000005,2,180.0
HJ-148754,Heather Jas,Home Office,359,98.6548,5,71.8
DF-131353,David Flashing,Consumer,359,-45.728,3,119.66666666666667
PO-88502,Patrick O'Brill,Consumer,358,157.53,2,179.0
NG-83551,Nat Gilpin,Corporate,358,131.94,2,179.0
PF-92251,Phillip Flathmann,Consumer,357,-337.37399999999997,3,119.0
DL-29251,Daniel Lacy,Consumer,356,-229.65300000000002,2,178.0
MO-178002,Meg O'Connel,Home Office,355,100.59,3,118.33333333333333
JB-59251,Joni Blumstein,Consumer,351,-611.442,3,117.0
LF-71851,Luke Foster,Consumer,351,32.879999999999995,2,175.5
DB-131201,David Bremer,Corporate,350,64.587,3,116.66666666666667
LW-72153,Luke Weiss,Consumer,349,104.76,1,349.0
JM-58652,John Murray,Consumer,349,104.76,1,349.0
FG-142603,Frank Gastineau,Home Office,348,-12.291999999999998,2,174.0
MG-81452,Mike Gockenbach,Consumer,348,21.36,1,348.0
MK-79051,Michael Kennedy,Corporate,347,-236.337,4,86.75
ED-38853,Emily Ducich,Home Office,346,-182.74800000000002,5,69.2
RD-197203,Roger Demir,Consumer,346,54.952,5,69.2
ON-87151,Odella Nelson,Corporate,346,-106.464,2,173.0
EB-38403,Ellis Ballard,Corporate,346,-129.642,4,86.5
AS-101353,Adrian Shami,Home Office,346,-128.192,3,115.33333333333333
GH-44851,Gene Hale,Corporate,346,27.82199999999999,3,115.33333333333333
MC-81301,Mike Caudle,Corporate,345,-66.15,2,172.5
MT-78151,Meg Tillman,Consumer,344,-361.59,2,172.0
DW-135404,Don Weiss,Consumer,343,69.66720000000001,5,68.6
SP-106502,Stephanie Phelps,Corporate,342,67.32,3,114.0
SE-101102,Sanjit Engle,Consumer,342,132.66,2,171.0
LS-72001,Luke Schmidt,Corporate,341,-102.474,4,85.25
BM-16501,Brian Moss,Corporate,341,79.212,2,170.5
PS-90451,Penelope Sewall,Home Office,341,27.42,3,113.66666666666667
CM-24451,Chuck Magee,Consumer,341,86.7,1,341.0
NP-86852,Nora Pelletier,Home Office,340,91.86,1,340.0
HM-49802,Henry MacAllister,Consumer,340,68.898,3,113.33333333333333
KH-66301,Ken Heidel,Corporate,340,57.72,1,340.0
NC-86251,Noah Childs,Corporate,339,23.76,1,339.0
BT-113953,Bill Tyler,Corporate,337,94.98,2,168.5
JM-161952,Justin MacKendrick,Consumer,336,-20.744999999999997,4,84.0
MH-77852,Maya Herman,Corporate,336,25.65,2,168.0
HK-48902,Heather Kirkland,Corporate,336,30.24,1,336.0
BM-15752,Brendan Murry,Corporate,334,-38.98800000000001,4,83.5
DM-33451,Denise Monton,Corporate,334,-96.92999999999998,3,111.33333333333333
NW-84002,Natalie Webber,Consumer,334,148.71,1,334.0
DK-31501,David Kendrick,Corporate,333,106.97999999999999,4,83.25
SB-101852,Sarah Brown,Consumer,332,42.209999999999994,2,166.0
DB-29702,Darren Budd,Corporate,332,93.15,3,110.66666666666667
SC-204401,Shaun Chance,Corporate,332,-6.629100000000003,7,47.42857142857143
HR-48301,Harold Ryan,Corporate,331,10.530000000000001,1,331.0
KC-65402,Kelly Collister,Consumer,331,33.402,4,82.75
RS-94201,Ricardo Sperren,Corporate,331,49.29,5,66.2
LT-167654,Larry Tron,Consumer,330,59.036,3,110.0
TS-113701,Todd Sumrall,Corporate,329,73.146,4,82.25
SS-104103,Shahid Shariari,Consumer,329,-69.96000000000001,7,47.0
SB-101702,Sarah Bern,Consumer,329,-240.87,3,109.66666666666667
NZ-85651,Nick Zandusky,Home Office,329,-166.56599999999997,4,82.25
LW-68251,Laurel Workman,Corporate,329,79.66199999999999,5,65.8
VW-117752,Victoria Wilson,Corporate,328,-21.323999999999998,4,82.0
SC-105751,Sonia Cooley,Consumer,328,41.64,2,164.0
NB-85803,Nicole Brennan,Corporate,327,-89.52000000000001,2,163.5
FM-42901,Frank Merwin,Home Office,327,21.330000000000005,4,81.75
DB-131203,David Bremer,Corporate,327,22.37312,2,163.5
BT-16802,Brian Thompson,Consumer,326,48.18,2,163.0
MH-74402,Mark Haberlin,Corporate,326,39.03,1,326.0
DO-36453,Doug O'Connell,Consumer,326,45.66,2,163.0
AR-5401,Andy Reiter,Consumer,325,108.66,4,81.25
EM-38253,Elizabeth Moffitt,Corporate,325,3.6060000000000016,3,108.33333333333333
CL-18901,Carl Ludwig,Consumer,325,41.349,5,65.0
AR-8252,Anthony Rawles,Corporate,324,-28.973999999999993,4,81.0
AG-105251,Andy Gerbode,Corporate,324,13.259999999999998,3,108.0
TB-111752,Thomas Boland,Corporate,323,-9.683999999999996,3,107.66666666666667
MS-77702,Maxwell Schwartz,Consumer,322,86.1,2,161.0
JC-153403,Jasper Cacioppo,Consumer,322,91.576,5,64.4
PF-91202,Peter Fuller,Consumer,322,40.2,1,322.0
CC-25501,Clay Cheatham,Consumer,321,-139.74,3,107.0
BD-115604,Brendan Dodson,Home Office,321,116.714,2,160.5
DL-28653,Dan Lawera,Consumer,321,-74.076,4,80.25
CA-22651,Christina Anderson,Consumer,321,35.34,1,321.0
RB-95702,Rob Beeghly,Consumer,320,-248.655,3,106.66666666666667
MH-81152,Mick Hernandez,Home Office,319,40.542,2,159.5
LH-170204,Lisa Hazard,Consumer,318,-242.7399,4,79.5
BP-12902,Beth Paige,Consumer,318,87.57,3,106.0
KN-67051,Kristina Nunn,Home Office,318,71.82,1,318.0
MV-74852,Mark Van Huff,Consumer,317,93.696,3,105.66666666666667
GM-46952,Greg Maxwell,Corporate,317,-30.317999999999998,4,79.25
SV-109352,Susan Vittorini,Consumer,315,-33.5,1,315.0
JG-51602,James Galang,Consumer,315,101.49000000000001,2,157.5
BB-9902,Barry Blumstein,Corporate,315,48.228,4,78.75
JC-57751,John Castell,Consumer,314,-32.04900000000001,3,104.66666666666667
MM-72602,Magdelene Morse,Consumer,314,3.12,1,314.0
MS-177101,Maurice Satty,Consumer,314,56.3805,7,44.857142857142854
AB-2553,Alejandro Ballentine,Home Office,313,-43.308,2,156.5
SA-108303,Sue Ann Reed,Consumer,312,-106.728,4,78.0
SN-105603,Skye Norling,Home Office,312,77.958,3,104.0
LH-67501,Larry Hughes,Consumer,312,54.762,2,156.0
BC-11252,Becky Castell,Home Office,311,-295.248,3,103.66666666666667
TB-113551,Todd Boyes,Corporate,311,-331.908,5,62.2
CB-124151,Christy Brittain,Consumer,311,139.74,1,311.0
BS-13802,Bill Stewart,Corporate,310,38.46,2,155.0
JH-154304,Jennifer Halladay,Consumer,310,-24.077100000000005,4,77.5
VM-218353,Vivian Mathis,Consumer,308,31.0,1,308.0
BD-116203,Brian DeCherney,Consumer,306,79.78752,3,102.0
NR-85501,Nick Radford,Consumer,305,46.905,3,101.66666666666667
JM-155804,Jill Matthias,Consumer,305,113.1204,5,61.0
MS-78301,Melanie Seite,Consumer,305,69.78,3,101.66666666666667
XP-118651,Xylona Preis,Consumer,304,43.728,2,152.0
CC-126853,Craig Carroll,Consumer,304,-65.788,3,101.33333333333333
GM-144553,Gary Mitchum,Home Office,304,26.816,2,152.0
HZ-49502,Henia Zydlo,Consumer,304,-264.294,3,101.33333333333333
VP-117302,Victor Preis,Home Office,304,-278.34000000000003,3,101.33333333333333
NB-86552,Nona Balk,Corporate,303,-113.63399999999999,3,101.0
MM-180551,Michelle Moray,Consumer,303,0.3000000000000007,2,151.5
MG-76501,Matthew Grinstein,Home Office,302,27.15,1,302.0
JK-156401,Jim Kriz,Home Office,301,34.3485,3,100.33333333333333
HK-48901,Heather Kirkland,Corporate,301,36.18,2,150.5
CM-19352,Carlos Meador,Consumer,298,108.96,3,99.33333333333333
AG-2702,Alejandro Grove,Consumer,296,55.44,1,296.0
TS-113403,Toby Swindell,Consumer,296,-112.614,3,98.66666666666667
RA-92852,Ralph Arnett,Consumer,295,118.61999999999999,1,295.0
MP-79651,Michael Paige,Corporate,295,82.533,5,59.0
LC-68701,Lena Cacioppo,Consumer,294,-190.959,2,147.0
EP-39151,Emily Phan,Consumer,294,89.46000000000001,2,147.0
RW-96901,Robert Waldorf,Consumer,294,97.251,2,147.0
CC-121453,Charles Crestani,Consumer,292,-78.144,3,97.33333333333333
RA-98853,Ruben Ausman,Corporate,291,-54.138,5,58.2
KF-62851,Karen Ferguson,Home Office,291,62.592,3,97.0
SW-102753,Scott Williamson,Consumer,290,-171.642,3,96.66666666666667
PR-88802,Patrick Ryan,Consumer,289,45.9,1,289.0
LH-167504,Larry Hughes,Consumer,288,12.627699999999999,3,96.0
CM-124454,Chuck Magee,Consumer,287,64.4296,3,95.66666666666667
NC-84151,Nathan Cano,Consumer,287,-211.78199999999998,2,143.5
AB-602,Adam Bellavance,Home Office,287,-220.07999999999998,6,47.833333333333336
GM-145002,Gene McClure,Consumer,286,29.61,3,95.33333333333333
RB-97052,Roger Barcio,Home Office,285,38.85,1,285.0
TP-115651,Tracy Poddar,Corporate,285,69.39,2,142.5
TM-114901,Tony Molinari,Consumer,283,45.54,2,141.5
AB-2552,Alejandro Ballentine,Home Office,283,57.96,1,283.0
LD-70053,Lisa DeCherney,Consumer,282,-18.68999999999999,4,70.5
KM-162253,Kalyca Meade,Corporate,282,112.66,2,141.0
SC-104402,Shaun Chance,Corporate,282,-183.87599999999998,1,282.0
GM-44552,Gary Mitchum,Home Office,281,-329.28,2,140.5
SC-208454,Sung Chung,Consumer,281,31.1757,2,140.5
RD-99001,Ruben Dartt,Consumer,280,36.123000000000005,5,56.0
PR-88803,Patrick Ryan,Consumer,279,-137.094,2,139.5
TS-116552,Trudy Schmidt,Consumer,278,27.36,5,55.6
SC-208004,Stuart Calhoun,Consumer,278,51.8252,4,69.5
LW-72152,Luke Weiss,Consumer,277,91.44,1,277.0
MG-82053,Mitch Gastineau,Corporate,277,-190.266,3,92.33333333333333
NB-185804,Nicole Brennan,Corporate,274,24.788800000000002,2,137.0
BF-110804,Bart Folk,Consumer,274,110.9272,3,91.33333333333333
KH-166301,Ken Heidel,Corporate,274,37.9332,4,68.5
TZ-115802,Tracy Zic,Consumer,271,-278.352,2,135.5
MP-79652,Michael Paige,Corporate,271,94.95,3,90.33333333333333
SE-101101,Sanjit Engle,Consumer,271,19.5,1,271.0
PB-92101,Phillip Breyer,Corporate,270,-244.389,2,135.0
DD-135704,Dorothy Dickinson,Consumer,269,36.4344,6,44.833333333333336
MH-74403,Mark Haberlin,Corporate,268,85.29,2,134.0
BF-11701,Ben Ferrer,Home Office,268,20.4,2,134.0
RB-95701,Rob Beeghly,Consumer,267,98.466,2,133.5
BN-114704,Brad Norvell,Corporate,266,36.6131,4,66.5
MO-179503,Michael Oakman,Consumer,266,-21.824000000000005,3,88.66666666666667
JK-56402,Jim Kriz,Home Office,266,63.78,3,88.66666666666667
VG-117901,Vivek Gonzalez,Consumer,266,61.080000000000005,2,133.0
AR-105104,Andrew Roberts,Consumer,264,43.6695,5,52.8
CR-25802,Clay Rozendal,Home Office,264,97.68,2,132.0
JR-57002,Jocasta Rupert,Consumer,263,-277.218,3,87.66666666666667
JS-56851,Jim Sink,Corporate,263,38.309999999999995,2,131.5
DJ-34201,Denny Joy,Corporate,263,72.89999999999999,3,87.66666666666667
CY-27451,Craig Yedwab,Corporate,262,-187.626,3,87.33333333333333
PL-89251,Paul Lucas,Home Office,261,97.86,2,130.5
AA-3753,Allen Armold,Consumer,261,16.68,3,87.0
CK-23251,Christine Kargatis,Home Office,260,37.185,4,65.0
HM-48601,Harry Marie,Corporate,259,125.19,2,129.5
RD-96603,Robert Dilbeck,Home Office,258,-88.824,4,64.5
DL-28652,Dan Lawera,Consumer,256,30.66,1,256.0
PB-88051,Patrick Bzostek,Home Office,254,-302.478,2,127.0
AS-2251,Alan Schoenberger,Corporate,254,-244.305,3,84.66666666666667
DK-28951,Dana Kaydos,Consumer,254,86.49000000000001,2,127.0
DF-31352,David Flashing,Consumer,252,-369.948,2,126.0
DO-36451,Doug O'Connell,Consumer,251,-537.948,2,125.5
HD-147854,Harold Dahlen,Home Office,251,-135.87599999999998,3,83.66666666666667
TT-212652,Tim Taslimi,Corporate,251,49.233,1,251.0
AH-104652,Amy Hunt,Consumer,251,59.748,2,125.5
GT-47552,Guy Thornton,Consumer,249,89.55,1,249.0
JW-59551,Joni Wasserman,Consumer,249,87.12,1,249.0
JR-62103,Justin Ritter,Corporate,248,-26.28,2,124.0
LB-67951,Laurel Beltran,Home Office,247,-262.935,3,82.33333333333333
GA-45151,George Ashbrook,Consumer,247,72.237,3,82.33333333333333
DM-35251,Don Miller,Corporate,246,58.05,1,246.0
SP-208601,Sung Pak,Corporate,246,-60.231,2,123.0
HG-49652,Henry Goldwyn,Corporate,246,108.36,1,246.0
DJ-36301,Doug Jacobs,Consumer,245,95.75999999999999,2,122.5
BT-13952,Bill Tyler,Corporate,244,56.1,1,244.0
SM-200054,Sally Matthias,Consumer,243,-26.5927,4,60.75
VT-117001,Valerie Takahito,Home Office,241,-40.548,4,60.25
MA-79953,Michelle Arnett,Home Office,240,-245.874,2,120.0
PL-189254,Paul Lucas,Home Office,239,-0.7527000000000008,5,47.8
KB-64051,Katrina Bavinger,Home Office,239,-105.762,3,79.66666666666667
TM-110102,Tamara Manning,Consumer,239,-259.02,1,239.0
LP-70952,Liz Preis,Consumer,238,61.32000000000001,1,238.0
RP-92701,Rachel Payne,Corporate,238,69.792,2,119.0
GP-147404,Guy Phonely,Corporate,237,31.837600000000002,2,118.5
AR-5402,Andy Reiter,Consumer,236,-20.49,4,59.0
KL-66452,Ken Lonsdale,Consumer,235,-46.59599999999999,2,117.5
CM-22352,Chris McAfee,Consumer,235,-52.998,4,58.75
SG-100803,Sandra Glassco,Consumer,235,71.88,3,78.33333333333333
RB-93602,Raymond Buch,Consumer,233,-91.332,2,116.5
HJ-48751,Heather Jas,Home Office,233,83.22,2,116.5
PP-89551,Paul Prost,Home Office,232,-231.30900000000003,2,116.0
EC-140502,Erin Creighton,Consumer,231,33.42,3,77.0
MO-75002,Mary O'Rourke,Consumer,231,-71.148,2,115.5
JP-61351,Julie Prescott,Home Office,231,24.57,3,77.0
CD-19803,Carol Darley,Consumer,229,46.53,2,114.5
NC-83402,Nat Carroll,Consumer,229,41.4,1,229.0
EM-140654,Erin Mull,Consumer,228,40.154599999999995,4,57.0
GT-147554,Guy Thornton,Consumer,227,-6.139200000000002,4,56.75
DC-32852,Debra Catini,Consumer,227,-324.39599999999996,2,113.5
HE-48001,Harold Engle,Corporate,227,-61.727999999999994,3,75.66666666666667
BO-113503,Bill Overfelt,Corporate,225,17.586,3,75.0
DB-32702,Deborah Brumfield,Home Office,225,84.03,1,225.0
RH-94952,Rick Hansen,Consumer,225,81.99,2,112.5
DR-29402,Daniel Raglin,Home Office,224,5.393999999999998,2,112.0
MW-82201,Mitch Webber,Consumer,224,14.997000000000002,4,56.0
SP-106202,Stefania Perrino,Corporate,223,-230.29500000000002,3,74.33333333333333
EH-39452,Eric Hoffmann,Consumer,223,35.58,1,223.0
QJ-92552,Quincy Jones,Corporate,223,-187.74899999999997,3,74.33333333333333
NL-83101,Nancy Lomonaco,Home Office,222,62.7,1,222.0
SS-104101,Shahid Shariari,Consumer,222,79.08,2,111.0
MO-79502,Michael Oakman,Consumer,222,27.912,2,111.0
RB-196454,Robert Barroso,Corporate,221,72.679,5,44.2
CA-23101,Christine Abelman,Corporate,221,55.47,3,73.66666666666667
GT-47101,Greg Tran,Consumer,221,-235.89600000000002,2,110.5
OT-87301,Olvera Toch,Consumer,220,40.379999999999995,2,110.0
PJ-88352,Patrick Jones,Corporate,220,-37.692,3,73.33333333333333
CD-19202,Carlos Daly,Consumer,219,52.74,2,109.5
NP-83251,Naresj Patel,Consumer,219,-36.939,3,73.0
RA-99152,Russell Applegate,Consumer,219,23.28,1,219.0
HH-150104,Hilary Holden,Corporate,219,86.7342,2,109.5
KB-65851,Ken Black,Corporate,217,-47.19,2,108.5
MS-77701,Maxwell Schwartz,Consumer,217,80.01,4,54.25
LS-69751,Lindsay Shagiari,Home Office,217,-10.842,3,72.33333333333333
AF-8852,Art Foster,Consumer,215,55.86,1,215.0
RB-94351,Richard Bierner,Consumer,215,54.81,2,107.5
BK-12601,Berenike Kampe,Consumer,214,100.11,1,214.0
JE-61652,Justin Ellison,Corporate,213,53.25,2,106.5
RM-96752,Robert Marley,Home Office,212,44.4,1,212.0
SM-209053,Susan MacKendrick,Consumer,211,82.66,2,105.5
AC-4503,Amy Cox,Consumer,210,-241.29299999999998,2,105.0
BD-16051,Brian Dahlen,Consumer,208,47.16,3,69.33333333333333
DK-30902,Dave Kipp,Consumer,207,76.56,1,207.0
GM-44551,Gary Mitchum,Home Office,207,95.16,2,103.5
LP-70802,Liz Pelletier,Consumer,207,-76.842,3,69.0
DB-31201,David Bremer,Corporate,206,-272.898,2,103.0
PO-88652,Patrick O'Donnell,Consumer,205,66.69,1,205.0
LF-71852,Luke Foster,Consumer,205,22.968,3,68.33333333333333
BT-13951,Bill Tyler,Corporate,205,-255.132,3,68.33333333333333
KD-66151,Ken Dana,Corporate,205,30.18,3,68.33333333333333
CS-18451,Cari Sayre,Corporate,204,42.75,3,68.0
ME-77252,Max Engle,Consumer,204,53.07,1,204.0
MT-180703,Michelle Tran,Home Office,204,-17.14,3,68.0
SC-100952,Sanjit Chand,Consumer,203,-3.3599999999999985,3,67.66666666666667
KM-162252,Kalyca Meade,Corporate,203,59.400000000000006,2,101.5
JK-53251,Jason Klamczynski,Corporate,203,-36.97200000000001,3,67.66666666666667
KN-63902,Katherine Nockton,Corporate,201,36.33,2,100.5
RA-99151,Russell Applegate,Consumer,201,62.16,1,201.0
AG-103904,Allen Goldenen,Consumer,201,69.2784,5,40.2
KD-163453,Katherine Ducich,Consumer,201,7.98,1,201.0
HH-50102,Hilary Holden,Corporate,201,17.490000000000002,2,100.5
NC-83403,Nat Carroll,Consumer,199,-235.15800000000002,3,66.33333333333333
FG-42603,Frank Gastineau,Home Office,198,-92.904,5,39.6
TW-110252,Tamara Willingham,Home Office,198,-32.82600000000001,6,33.0
RM-96751,Robert Marley,Home Office,198,96.99,1,198.0
KM-63752,Katherine Murray,Home Office,197,84.6,1,197.0
SW-204553,Shaun Weien,Consumer,195,2.644,2,97.5
JJ-157604,Joel Jenkins,Home Office,195,34.449200000000005,2,97.5
HW-149353,Helen Wasserman,Corporate,195,26.523999999999997,4,48.75
DJ-35102,Don Jones,Corporate,194,73.56,1,194.0
LS-69452,Linda Southworth,Corporate,194,9.33,1,194.0
TB-110551,Ted Butterfield,Consumer,193,-295.362,1,193.0
EM-40952,Eudokia Martin,Corporate,193,23.16,1,193.0
EP-39152,Emily Phan,Consumer,193,-145.07999999999998,1,193.0
ML-74101,Maris LaWare,Consumer,193,-184.446,3,64.33333333333333
RD-98102,Ross DeVincentis,Home Office,192,-227.26199999999997,2,96.0
FH-43651,Fred Hopkins,Corporate,192,22.95,1,192.0
SN-107101,Steve Nguyen,Home Office,192,-50.25599999999999,2,96.0
NM-84451,Nathan Mautz,Home Office,191,26.4,3,63.666666666666664
MC-76052,Matt Connell,Corporate,190,67.05,1,190.0
YS-118801,Yana Sorensen,Corporate,190,30.84,2,95.0
TT-114601,Tonja Turnell,Home Office,189,-0.6600000000000037,4,47.25
AS-2253,Alan Schoenberger,Corporate,189,25.14,3,63.0
RB-97952,Ross Baird,Home Office,188,53.730000000000004,3,62.666666666666664
TN-110401,Tanja Norvell,Home Office,188,26.310000000000002,2,94.0
ML-82652,Muhammed Lee,Consumer,187,-45.443999999999996,4,46.75
AH-2102,Alan Hwang,Consumer,187,-220.89,2,93.5
MK-79052,Michael Kennedy,Corporate,187,21.06,2,93.5
JA-59702,Joseph Airdo,Consumer,187,-49.26599999999999,4,46.75
AS-1351,Adrian Shami,Home Office,187,26.1,1,187.0
DB-29701,Darren Budd,Corporate,181,30.57,1,181.0
TH-115501,Tracy Hopkins,Home Office,181,-49.68,3,60.333333333333336
CL-18903,Carl Ludwig,Consumer,181,15.486,3,60.333333333333336
CG-25201,Claire Gute,Consumer,180,6.984000000000002,4,45.0
MZ-73351,Maria Zettner,Home Office,180,55.230000000000004,1,180.0
JE-54751,Jeremy Ellison,Consumer,179,61.56,3,59.666666666666664
EN-37801,Edward Nazzal,Consumer,179,-25.997999999999998,4,44.75
CS-22501,Chris Selesnick,Corporate,179,43.68,1,179.0
JC-53402,Jasper Cacioppo,Consumer,178,39.69,1,178.0
PH-87901,Patricia Hirasaki,Home Office,177,6.539999999999992,4,44.25
DS-31801,David Smith,Corporate,177,46.23,1,177.0
TS-116551,Trudy Schmidt,Consumer,176,45.81,1,176.0
KC-65401,Kelly Collister,Consumer,175,-19.179,3,58.333333333333336
RD-96602,Robert Dilbeck,Home Office,175,84.03,1,175.0
BP-11552,Becky Pak,Consumer,175,23.1,1,175.0
BT-14851,Brad Thomas,Home Office,174,35.88,3,58.0
SC-102301,Scot Coram,Corporate,174,27.417,2,87.0
EK-37951,Eileen Kiefer,Home Office,174,12.663000000000002,2,87.0
EB-37501,Edward Becker,Corporate,173,17.85,1,173.0
RF-98401,Roy Französisch,Consumer,173,-353.13,1,173.0
KD-63452,Katherine Ducich,Consumer,173,19.65,2,86.5
LW-69901,Lindsay Williams,Corporate,172,18.57,3,57.333333333333336
SV-109351,Susan Vittorini,Consumer,172,-298.194,2,86.0
FA-42301,Frank Atkinson,Corporate,172,6.732000000000001,5,34.4
RB-93601,Raymond Buch,Consumer,171,20.43,2,85.5
AG-107654,Anthony Garverick,Home Office,170,-8.430999999999997,4,42.5
KM-66602,Khloe Miller,Consumer,170,-49.86599999999999,2,85.0
KT-164803,Kean Thornton,Consumer,170,10.236,2,85.0
RL-96151,Rob Lucas,Consumer,169,33.912,3,56.333333333333336
JR-62102,Justin Ritter,Corporate,169,8.4,1,169.0
SS-101401,Saphhira Shifley,Corporate,169,-158.532,3,56.333333333333336
IM-50701,Irene Maddox,Consumer,168,11.76,1,168.0
GA-147253,Guy Armstrong,Consumer,167,24.324,3,55.666666666666664
ED-38851,Emily Ducich,Home Office,166,-180.678,2,83.0
ST-105302,Shui Tom,Consumer,166,38.55,2,83.0
EM-38101,Eleni McCrary,Corporate,166,-74.36099999999999,4,41.5
SP-109201,Susan Pistek,Consumer,165,-230.979,2,82.5
JM-55802,Jill Matthias,Consumer,165,18.48,2,82.5
SW-102751,Scott Williamson,Consumer,165,35.07,1,165.0
QJ-92551,Quincy Jones,Corporate,165,23.34,2,82.5
JK-56401,Jim Kriz,Home Office,164,39.39,1,164.0
MS-77101,Maurice Satty,Consumer,164,21.33,2,82.0
TS-113402,Toby Swindell,Consumer,163,18.9,1,163.0
ML-182654,Muhammed Lee,Consumer,162,42.6648,2,81.0
DV-34651,Dianna Vittorini,Consumer,162,33.69,2,81.0
ME-80101,Michelle Ellison,Corporate,161,15.9,1,161.0
FP-43201,Frank Preis,Consumer,161,13.23,2,80.5
PO-88653,Patrick O'Donnell,Consumer,161,-246.07800000000003,1,161.0
AO-108104,Anthony O'Donnell,Corporate,161,12.096,1,161.0
BS-13801,Bill Stewart,Corporate,160,-0.13200000000000145,3,53.333333333333336
PT-190904,Pete Takahito,Consumer,160,-20.0508,4,40.0
CM-19351,Carlos Meador,Consumer,160,16.314,4,40.0
AB-1651,Alan Barnes,Consumer,160,35.22,1,160.0
KT-164802,Kean Thornton,Consumer,159,-1.650000000000002,3,53.0
MY-73801,Maribeth Yedwab,Corporate,158,-111.03,2,79.0
SR-107401,Steven Roelle,Home Office,158,46.68,2,79.0
DJ-34202,Denny Joy,Corporate,158,9.36,1,158.0
TZ-114451,Tom Zandusky,Corporate,158,47.73,2,79.0
PC-190003,Pauline Chand,Home Office,157,37.12,2,78.5
DA-134504,Dianna Arnett,Home Office,157,56.7904,4,39.25
AR-105403,Andy Reiter,Consumer,157,19.744,3,52.333333333333336
DL-33302,Denise Leinenbach,Consumer,156,7.44,1,156.0
CD-19802,Carol Darley,Consumer,156,21.720000000000002,2,78.0
TC-112951,Toby Carlisle,Consumer,156,3.3660000000000005,3,52.0
MO-179504,Michael Oakman,Consumer,154,-82.0074,2,77.0
TZ-114452,Tom Zandusky,Corporate,154,41.28,2,77.0
CC-24301,Chuck Clark,Home Office,154,61.17,1,154.0
RA-98852,Ruben Ausman,Corporate,154,60.809999999999995,2,77.0
DP-31652,David Philippe,Consumer,153,-152.658,1,153.0
WB-118502,William Brown,Consumer,153,-147.468,1,153.0
LH-71552,Logan Haushalter,Consumer,152,50.22,1,152.0
BS-13652,Bill Shonely,Corporate,152,29.31,2,76.0
VP-117601,Victoria Pisteka,Corporate,152,-4.908000000000001,2,76.0
MZ-75152,Mary Zewe,Corporate,150,25.05,1,150.0
TD-109951,Tamara Dahlen,Consumer,150,-313.61999999999995,1,150.0
BM-17852,Bryan Mills,Consumer,149,38.43,2,74.5
RB-96451,Robert Barroso,Corporate,147,10.29,1,147.0
GH-146654,Greg Hansen,Consumer,147,-5.810200000000001,2,73.5
AC-4502,Amy Cox,Consumer,147,34.32,2,73.5
HA-49051,Helen Abelman,Consumer,146,17.52,1,146.0
NH-186103,Nicole Hansen,Corporate,146,17.44,1,146.0
JE-56102,Jim Epp,Corporate,145,-78.957,2,72.5
BG-17401,Bruce Geld,Consumer,145,17.85,2,72.5
AR-4051,Allen Rosenblatt,Corporate,144,25.86,2,72.0
DE-32551,Deanra Eno,Home Office,142,48.99,2,71.0
BE-14102,Bobby Elias,Consumer,141,48.3,4,35.25
FO-43051,Frank Olsen,Consumer,140,42.75,3,46.666666666666664
GM-44402,Gary McGarr,Consumer,140,53.129999999999995,3,46.666666666666664
PW-92402,Pierre Wener,Consumer,140,-17.67,3,46.666666666666664
BO-13502,Bill Overfelt,Corporate,140,-124.038,3,46.666666666666664
AF-8851,Art Foster,Consumer,139,32.46,1,139.0
EM-40652,Erin Mull,Consumer,139,43.68,1,139.0
MB-80851,Mick Brown,Consumer,139,-99.108,2,69.5
DM-29552,Dario Medina,Corporate,139,44.34,1,139.0
JS-55952,Jill Stevenson,Corporate,138,6.87,1,138.0
LH-71551,Logan Haushalter,Consumer,137,49.44,1,137.0
SV-107852,Stewart Visinsky,Consumer,137,-16.47,4,34.25
DB-36152,Doug Bickford,Consumer,137,54.93000000000001,1,137.0
AH-752,Adam Hart,Corporate,137,54.9,1,137.0
BD-15601,Brendan Dodson,Home Office,137,-83.28,2,68.5
RK-93002,Ralph Kennedy,Consumer,136,57.69,2,68.0
SM-109052,Susan MacKendrick,Consumer,136,45.09,1,136.0
RB-96452,Robert Barroso,Corporate,135,-124.446,2,67.5
CM-21902,Charlotte Melton,Consumer,134,32.43,1,134.0
DN-36903,Duane Noonan,Consumer,133,-91.30199999999999,1,133.0
PB-192104,Phillip Breyer,Corporate,133,21.897000000000002,2,66.5
MS-73652,Maribeth Schnelling,Consumer,133,23.97,1,133.0
JP-55202,Jeremy Pistek,Consumer,133,61.2,1,133.0
SC-106952,Steve Chapman,Corporate,133,-193.12800000000001,1,133.0
TZ-115801,Tracy Zic,Consumer,132,3.276,3,44.0
JK-56253,Jim Karlsson,Consumer,132,39.989999999999995,1,132.0
DB-35551,Dorothy Badders,Corporate,131,33.45,1,131.0
EA-40351,Erin Ashbrook,Corporate,131,0.8879999999999981,3,43.666666666666664
BB-15451,Brenda Bowman,Corporate,131,48.17999999999999,3,43.666666666666664
BO-114254,Bobby Odegard,Consumer,131,59.4522,2,65.5
NB-86551,Nona Balk,Corporate,131,29.97,2,65.5
SO-103351,Sean O'Donnell,Consumer,130,25.47,1,130.0
MA-79952,Michelle Arnett,Home Office,130,30.0,1,130.0
GB-45303,George Bell,Corporate,130,14.190000000000001,2,65.0
VP-117301,Victor Preis,Home Office,129,-230.07,1,129.0
MH-76202,Matt Hagelstein,Corporate,129,38.88,1,129.0
Dp-32402,Dean percer,Home Office,128,30.419999999999998,2,64.0
TB-113552,Todd Boyes,Corporate,128,9.93,3,42.666666666666664
PP-89552,Paul Prost,Home Office,128,16.65,1,128.0
TG-113102,Toby Gnade,Consumer,128,47.28,1,128.0
JG-58052,John Grady,Corporate,128,-122.10000000000001,2,64.0
JF-51901,Jamie Frazer,Consumer,128,42.12,2,64.0
HL-50401,Hunter Lopez,Consumer,127,41.67,2,63.5
GH-44252,Gary Hwang,Consumer,127,1.26,1,127.0
FC-43351,Fred Chung,Corporate,126,29.580000000000002,1,126.0
JH-59102,Jonathan Howell,Consumer,125,17.4,1,125.0
EL-137354,Ed Ludwig,Home Office,125,27.1154,2,62.5
AF-8702,Art Ferguson,Consumer,125,43.8,1,125.0
TW-110251,Tamara Willingham,Home Office,125,-105.045,2,62.5
BG-10351,Barry Gonzalez,Consumer,124,-219.804,1,124.0
TR-113252,Toby Ritter,Consumer,123,25.32,2,61.5
VD-116701,Valerie Dominguez,Consumer,123,-96.219,2,61.5
ML-77553,Max Ludwig,Home Office,122,29.520000000000003,2,61.0
SR-104251,Sharelle Roach,Home Office,122,-36.162,3,40.666666666666664
CD-27902,Cynthia Delaney,Home Office,121,-92.616,3,40.333333333333336
VG-117902,Vivek Gonzalez,Consumer,120,-13.637999999999998,2,60.0
PC-90002,Pauline Chand,Home Office,120,20.4,1,120.0
DB-132703,Deborah Brumfield,Home Office,118,-8.130000000000003,3,39.333333333333336
DL-34952,Dionis Lloyd,Corporate,118,-94.70400000000001,2,59.0
KN-63901,Katherine Nockton,Corporate,117,41.04,1,117.0
DL-129252,Daniel Lacy,Consumer,117,31.56,1,117.0
CJ-20101,Caroline Jumper,Consumer,116,28.71,2,58.0
GK-46202,Grace Kelly,Corporate,116,49.62,1,116.0
CB-25351,Claudia Bergmann,Corporate,116,-197.448,1,116.0
JK-60902,Juliana Krohn,Consumer,116,30.06,1,116.0
CK-25951,Clytie Kelty,Consumer,115,34.62,2,57.5
LB-67352,Larry Blacks,Consumer,114,1.08,1,114.0
SM-109501,Suzanne McNair,Corporate,114,39.03,2,57.0
JP-54601,Jennifer Patt,Corporate,113,35.43,1,113.0
CC-125504,Clay Cheatham,Consumer,113,33.8706,3,37.666666666666664
KS-63001,Karen Seio,Corporate,113,28.229999999999997,3,37.666666666666664
AH-4652,Amy Hunt,Consumer,112,-23.394000000000002,2,56.0
MC-74252,Mark Cousins,Corporate,111,15.54,1,111.0
SC-103802,Shahid Collister,Consumer,110,44.67,2,55.0
KS-63002,Karen Seio,Corporate,109,5.46,1,109.0
CJ-20102,Caroline Jumper,Consumer,109,2.16,1,109.0
BW-12002,Ben Wallace,Consumer,109,18.48,1,109.0
SR-104252,Sharelle Roach,Home Office,107,28.68,1,107.0
JE-57151,Joe Elijah,Consumer,107,-25.080000000000002,4,26.75
BT-15301,Bradley Talbott,Home Office,105,-37.521,2,52.5
ML-80403,Michelle Lonsdale,Corporate,104,-165.714,2,52.0
MF-76652,Maureen Fritzler,Corporate,104,0.0,1,104.0
NC-86252,Noah Childs,Corporate,103,9.24,1,103.0
CM-21602,Charles McCrossin,Consumer,102,43.05,1,102.0
JM-56553,Jim Mitchum,Corporate,102,24.57,1,102.0
JW-60752,Julia West,Consumer,102,41.040000000000006,1,102.0
MO-179501,Michael Oakman,Consumer,101,20.232,1,101.0
EB-38702,Emily Burns,Consumer,101,-53.43599999999999,2,50.5
CS-19503,Carlos Soltero,Consumer,101,-105.228,1,101.0
CR-26252,Corey Roper,Home Office,100,25.47,1,100.0
EM-39602,Eric Murdock,Consumer,100,18.0,1,100.0
HA-49201,Helen Andreada,Consumer,100,36.45,2,50.0
NB-85802,Nicole Brennan,Corporate,100,32.94,1,100.0
Dp-32403,Dean percer,Home Office,98,39.36,1,98.0
RM-197504,Roland Murray,Consumer,98,28.6879,1,98.0
HR-47702,Hallie Redmond,Home Office,97,31.02,1,97.0
AB-1051,Adrian Barton,Consumer,97,10.41,2,48.5
YC-118951,Yoseph Carroll,Corporate,97,7.869,3,32.333333333333336
AZ-7502,Annie Zypern,Consumer,96,31.68,1,96.0
LC-68852,Lena Creighton,Consumer,95,4.74,1,95.0
RB-194352,Richard Bierner,Consumer,93,13.815,3,31.0
TH-115502,Tracy Hopkins,Home Office,93,24.06,1,93.0
EB-138703,Emily Burns,Consumer,93,14.78,1,93.0
AS-6302,Ann Steele,Home Office,93,-88.641,3,31.0
GZ-45451,George Zrebassa,Corporate,92,-89.838,1,92.0
RH-96003,Rob Haberlin,Consumer,92,13.14,3,30.666666666666668
CS-25052,Cindy Stewart,Consumer,91,15.48,3,30.333333333333332
DP-33902,Dennis Pardue,Home Office,91,19.08,1,91.0
RD-94802,Rick Duston,Consumer,91,2.7,1,91.0
JF-52952,Jason Fortune-,Consumer,90,15.33,1,90.0
KS-163004,Karen Seio,Corporate,89,0.11099999999999888,3,29.666666666666668
AR-105704,Anemone Ratner,Consumer,88,32.633,1,88.0
AH-1952,Alan Haines,Corporate,88,29.7,1,88.0
PO-91802,Philisse Overcash,Home Office,88,21.84,2,44.0
BP-11551,Becky Pak,Consumer,87,36.870000000000005,1,87.0
BM-11401,Becky Martin,Consumer,86,-50.513999999999996,2,43.0
BC-11251,Becky Castell,Home Office,85,25.529999999999998,3,28.333333333333332
PC-87451,Pamela Coakley,Corporate,85,15.99,2,42.5
VG-118051,Vivek Grady,Corporate,85,-135.3,2,42.5
CV-128053,Cynthia Voltz,Corporate,84,35.28,1,84.0
EB-38701,Emily Burns,Consumer,84,-113.382,3,28.0
HG-49651,Henry Goldwyn,Corporate,83,-80.49000000000001,3,27.666666666666668
FG-42601,Frank Gastineau,Home Office,83,-41.834999999999994,3,27.666666666666668
JG-58051,John Grady,Corporate,81,9.66,1,81.0
FW-143954,Fred Wasserman,Corporate,81,23.491300000000003,3,27.0
DK-29851,Darren Koutras,Consumer,81,-78.888,1,81.0
MG-78751,Michael Grace,Home Office,80,15.87,1,80.0
CS-19502,Carlos Soltero,Consumer,80,8.76,2,40.0
AH-1951,Alan Haines,Corporate,80,-99.291,2,40.0
MK-81602,Mike Kennedy,Consumer,80,9.99,1,80.0
AS-106303,Ann Steele,Home Office,80,22.26,1,80.0
FH-42752,Frank Hawley,Corporate,79,1.3440000000000012,3,26.333333333333332
LH-171553,Logan Haushalter,Consumer,78,-5.376,2,39.0
BK-12602,Berenike Kampe,Consumer,78,-41.885999999999996,5,15.6
BB-15452,Brenda Bowman,Corporate,77,4.008,2,38.5
SP-106201,Stefania Perrino,Corporate,77,5.2829999999999995,2,38.5
AO-8103,Anthony O'Donnell,Corporate,76,6.96,3,25.333333333333332
LF-171853,Luke Foster,Consumer,76,16.2,2,38.0
BG-16952,Brooke Gillingham,Corporate,76,22.65,1,76.0
JD-60602,Julia Dunbar,Consumer,74,-41.897999999999996,3,24.666666666666668
JE-57152,Joe Elijah,Consumer,74,-2.0399999999999974,3,24.666666666666668
ML-80402,Michelle Lonsdale,Corporate,73,10.92,1,73.0
JM-55351,Jessica Myrick,Consumer,73,-115.97999999999999,2,36.5
KH-65102,Keith Herrera,Consumer,72,8.01,2,36.0
JC-153404,Jasper Cacioppo,Consumer,72,-0.3555999999999999,4,18.0
VS-118201,Vivek Sundaresam,Consumer,71,21.15,3,23.666666666666668
MN-79351,Michael Nguyen,Consumer,71,-23.028,3,23.666666666666668
BW-10652,Barry Weirich,Consumer,70,8.28,1,70.0
YC-118952,Yoseph Carroll,Corporate,70,14.4,1,70.0
RB-97951,Ross Baird,Home Office,68,-26.862,2,34.0
SH-103952,Shahid Hopkins,Consumer,67,17.43,1,67.0
DK-30901,Dave Kipp,Consumer,67,-0.4319999999999986,2,33.5
SS-108752,Sung Shariari,Consumer,67,-64.476,2,33.5
JH-54303,Jennifer Halladay,Consumer,66,-75.504,1,66.0
FH-43502,Fred Harton,Consumer,65,-61.596,1,65.0
TH-111153,Thea Hudgings,Corporate,65,19.5,1,65.0
CC-26852,Craig Carroll,Consumer,65,-64.698,1,65.0
BP-12901,Beth Paige,Consumer,65,11.7,1,65.0
CB-24151,Christy Brittain,Consumer,64,30.06,1,64.0
AR-105402,Andy Reiter,Consumer,64,1.4969999999999999,2,32.0
AB-1052,Adrian Barton,Consumer,64,25.02,1,64.0
CL-25652,Clay Ludtke,Consumer,63,-47.123999999999995,2,31.5
HR-48302,Harold Ryan,Corporate,62,-72.372,2,31.0
GZ-44702,Gary Zandusky,Consumer,62,19.5,1,62.0
NS-85052,Neola Schneider,Consumer,62,-71.823,2,31.0
SC-108001,Stuart Calhoun,Consumer,62,-81.384,1,62.0
JC-61051,Julie Creighton,Corporate,61,-130.686,1,61.0
SC-207251,Steven Cartwright,Consumer,61,7.680000000000001,2,30.5
LD-70051,Lisa DeCherney,Consumer,61,-77.124,1,61.0
SJ-102151,Sarah Jordon,Consumer,61,15.42,2,30.5
VM-118352,Vivian Mathis,Consumer,61,20.04,1,61.0
TM-110101,Tamara Manning,Consumer,61,-11.483999999999998,2,30.5
DK-33752,Dennis Kane,Consumer,60,23.88,1,60.0
RA-98851,Ruben Ausman,Corporate,59,-106.164,1,59.0
VF-117152,Vicky Freymann,Home Office,59,-44.628,2,29.5
AG-3902,Allen Goldenen,Consumer,59,-43.704,2,29.5
Dl-136003,Dorris liebe,Corporate,59,-28.096,1,59.0
MP-74701,Mark Packer,Home Office,59,-58.38,2,29.5
JS-55951,Jill Stevenson,Corporate,59,-5.901,2,29.5
MC-76352,Matthew Clasen,Corporate,59,8.256,2,29.5
JW-59552,Joni Wasserman,Consumer,58,-54.81,1,58.0
TS-112052,Thomas Seio,Corporate,58,-37.403999999999996,2,29.0
VM-116851,Valerie Mitchum,Home Office,58,24.09,2,29.0
AS-101354,Adrian Shami,Home Office,58,21.8496,2,29.0
MF-76651,Maureen Fritzler,Corporate,58,3.42,2,29.0
BF-10803,Bart Folk,Consumer,58,-32.76,2,29.0
BD-13201,Bill Donatelli,Consumer,57,16.98,1,57.0
PS-89701,Paul Stevenson,Home Office,57,16.740000000000002,2,28.5
CC-124302,Chuck Clark,Home Office,57,6.24,1,57.0
LT-67653,Larry Tron,Consumer,57,3.99,1,57.0
SZ-200352,Sam Zeldin,Home Office,57,-47.52,1,57.0
MJ-77402,Max Jones,Consumer,56,-46.272,2,28.0
SS-105902,Sonia Sunley,Consumer,56,16.439999999999998,1,56.0
SG-100802,Sandra Glassco,Consumer,56,14.1,1,56.0
DW-31951,David Wiener,Corporate,55,9.24,1,55.0
SA-108302,Sue Ann Reed,Consumer,55,4.38,1,55.0
SC-107702,Stewart Carmichael,Corporate,55,2.73,1,55.0
CL-18902,Carl Ludwig,Consumer,53,26.64,1,53.0
RM-97501,Roland Murray,Consumer,53,9.96,1,53.0
SM-103202,Sean Miller,Home Office,53,-24.426000000000002,3,17.666666666666668
AG-4952,Andrew Gjertsen,Corporate,52,9.149999999999999,2,26.0
KH-66902,Kristen Hastings,Corporate,52,19.14,1,52.0
SR-104253,Sharelle Roach,Home Office,52,1.02,1,52.0
BD-15001,Bradley Drucker,Consumer,52,-31.293,3,17.333333333333332
SH-103951,Shahid Hopkins,Consumer,52,-73.44,2,26.0
SS-105152,Shirley Schmidt,Home Office,51,14.219999999999999,2,25.5
KE-64202,Katrina Edelman,Corporate,51,-50.178,1,51.0
ML-77552,Max Ludwig,Home Office,51,23.4,1,51.0
LB-167354,Larry Blacks,Consumer,50,18.6507,3,16.666666666666668
FM-43801,Fred McMath,Consumer,49,-67.17,1,49.0
LR-69151,Lena Radford,Consumer,49,11.85,1,49.0
SG-208904,Susan Gilcrest,Corporate,49,-3.707300000000001,3,16.333333333333332
LS-69753,Lindsay Shagiari,Home Office,49,-49.70399999999999,1,49.0
RE-194054,Ricardo Emerson,Consumer,48,6.045,1,48.0
SC-100201,Sam Craven,Consumer,48,15.84,1,48.0
KT-64652,Kean Takahito,Consumer,48,9.120000000000001,1,48.0
TS-110852,Thais Sissman,Consumer,46,7.289999999999999,1,46.0
GD-45901,Giulietta Dortch,Corporate,46,-56.058,1,46.0
FH-43501,Fred Harton,Consumer,45,-10.233,2,22.5
AH-753,Adam Hart,Corporate,45,18.78,1,45.0
OT-87302,Olvera Toch,Consumer,44,-7.14,2,22.0
TH-111152,Thea Hudgings,Corporate,44,1.74,1,44.0
SD-104852,Shirley Daniels,Home Office,43,10.392,3,14.333333333333334
RS-94203,Ricardo Sperren,Corporate,42,1.68,1,42.0
ND-84602,Neil Ducich,Corporate,41,11.16,1,41.0
EM-38251,Elizabeth Moffitt,Corporate,41,-33.918,2,20.5
TD-109952,Tamara Dahlen,Consumer,41,14.76,1,41.0
LS-72452,Lynn Smith,Consumer,40,6.3,2,20.0
CM-18152,Candace McMahon,Corporate,40,0.0,1,40.0
CL-27002,Craig Leslie,Home Office,39,-30.486,2,19.5
TB-115951,Troy Blackwell,Consumer,38,8.82,1,38.0
RC-98251,Roy Collins,Consumer,37,0.0,1,37.0
EH-39902,Erica Hackney,Consumer,37,-16.656,1,37.0
CG-20401,Catherine Glotzbach,Home Office,36,-53.61,2,18.0
BS-15901,Brendan Sweed,Corporate,35,10.71,2,17.5
JM-155353,Jessica Myrick,Consumer,35,2.304,1,35.0
FH-42751,Frank Hawley,Corporate,34,6.8100000000000005,2,17.0
JH-61802,Justin Hirsh,Consumer,34,7.32,1,34.0
BF-10052,Barry Franz,Home Office,33,-73.587,1,33.0
DG-33002,Deirdre Greer,Corporate,33,-10.026,1,33.0
CB-25352,Claudia Bergmann,Corporate,32,-37.242,1,32.0
GT-46352,Grant Thornton,Corporate,32,-35.43,2,16.0
RC-99602,Ryan Crowe,Consumer,31,0.6,1,31.0
NH-86101,Nicole Hansen,Corporate,31,11.31,2,15.5
CY-27452,Craig Yedwab,Corporate,31,8.61,1,31.0
AI-8551,Arianne Irving,Consumer,30,4.83,1,30.0
WB-118501,William Brown,Consumer,30,0.87,1,30.0
DP-30002,Darren Powers,Consumer,30,6.84,1,30.0
DH-36752,Duane Huffman,Home Office,30,2.67,1,30.0
LT-67652,Larry Tron,Consumer,29,1.44,1,29.0
KB-66002,Ken Brennan,Corporate,29,13.17,1,29.0
NL-83102,Nancy Lomonaco,Home Office,29,-36.348,1,29.0
SL-101552,Sara Luxemburg,Home Office,28,3.06,1,28.0
AS-2252,Alan Schoenberger,Corporate,28,4.14,1,28.0
JH-54302,Jennifer Halladay,Consumer,28,5.37,1,28.0
AA-3752,Allen Armold,Consumer,27,11.28,1,27.0
SC-108002,Stuart Calhoun,Consumer,27,3.54,1,27.0
PO-91952,Phillina Ober,Home Office,27,5.7,1,27.0
DW-35852,Dorothy Wardle,Corporate,27,12.18,1,27.0
SC-107701,Stewart Carmichael,Corporate,27,5.64,1,27.0
CM-23852,Christopher Martinez,Consumer,27,5.16,1,27.0
RR-93151,Ralph Ritter,Consumer,27,6.18,1,27.0
HG-49653,Henry Goldwyn,Corporate,26,-18.132,1,26.0
FG-42602,Frank Gastineau,Home Office,26,10.8,1,26.0
GG-46501,Greg Guthrie,Corporate,26,10.38,1,26.0
MD-73502,Maribeth Dona,Consumer,26,13.2,1,26.0
MF-82501,Monica Federle,Corporate,25,1.5,1,25.0
LH-69002,Lena Hernandez,Consumer,25,1.26,1,25.0
TH-111001,Thea Hendricks,Consumer,25,7.92,1,25.0
CS-21302,Chad Sievert,Consumer,25,6.03,1,25.0
DW-35401,Don Weiss,Consumer,25,-42.537,1,25.0
AM-7052,Anne McFarland,Consumer,24,9.72,1,24.0
AO-8101,Anthony O'Donnell,Corporate,24,-32.463,1,24.0
BF-12751,Beth Fritzler,Corporate,24,0.96,1,24.0
SJ-101252,Sanjit Jacobs,Home Office,23,4.2,1,23.0
RD-199002,Ruben Dartt,Consumer,23,7.23,1,23.0
LC-68853,Lena Creighton,Consumer,23,-11.052,1,23.0
SJ-102152,Sarah Jordon,Consumer,22,3.9,1,22.0
JS-159401,Joni Sundaresam,Home Office,22,10.86,1,22.0
MH-80252,Michelle Huthwaite,Consumer,22,3.3,1,22.0
RS-198704,Roy Skaria,Home Office,22,9.5838,2,11.0
GZ-45452,George Zrebassa,Corporate,22,2.82,1,22.0
GB-45302,George Bell,Corporate,21,5.28,1,21.0
JK-60903,Juliana Krohn,Consumer,21,-28.368000000000002,1,21.0
GH-46652,Greg Hansen,Consumer,20,9.24,1,20.0
AI-108553,Arianne Irving,Consumer,20,5.26,1,20.0
AG-3302,Alex Grayson,Consumer,20,3.3,1,20.0
JS-60303,Joy Smith,Consumer,19,-9.792,1,19.0
LD-70052,Lisa DeCherney,Consumer,19,8.61,1,19.0
MM-72601,Magdelene Morse,Consumer,19,6.81,1,19.0
KM-66601,Khloe Miller,Consumer,19,9.42,1,19.0
AJ-7802,Anthony Jacobs,Corporate,19,6.81,1,19.0
KC-66751,Kimberly Carter,Corporate,19,3.18,1,19.0
MG-78901,Michael Granlund,Home Office,19,-22.482,1,19.0
NM-84452,Nathan Mautz,Home Office,18,5.25,1,18.0
MC-76051,Matt Connell,Corporate,18,3.63,1,18.0
JS-59402,Joni Sundaresam,Home Office,17,4.11,1,17.0
BM-16502,Brian Moss,Corporate,17,6.51,1,17.0
BW-11102,Bart Watters,Corporate,17,7.14,1,17.0
CJ-118754,Carl Jackson,Corporate,17,1.652,1,17.0
DB-32102,Dean Braden,Consumer,17,-11.4,1,17.0
MG-182054,Mitch Gastineau,Corporate,16,-1.2453,1,16.0
TG-113101,Toby Gnade,Consumer,16,-24.213,1,16.0
MG-82052,Mitch Gastineau,Corporate,15,5.43,1,15.0
ED-38852,Emily Ducich,Home Office,15,2.61,1,15.0
RW-96302,Rob Williams,Corporate,14,5.16,1,14.0
DL-33301,Denise Leinenbach,Consumer,14,0.54,1,14.0
Co-26402,Corey-Lock,Consumer,14,0.6000000000000001,2,7.0
CS-24901,Cindy Schnelling,Corporate,14,7.05,1,14.0
HD-47852,Harold Dahlen,Home Office,14,5.52,1,14.0
RF-93452,Randy Ferguson,Corporate,13,5.64,1,13.0
EM-38252,Elizabeth Moffitt,Corporate,13,0.24,1,13.0
RS-94202,Ricardo Sperren,Corporate,12,1.65,1,12.0
AD-1801,Alan Dominguez,Home Office,12,3.45,1,12.0
AA-3151,Alex Avila,Consumer,11,4.29,1,11.0
TH-115503,Tracy Hopkins,Home Office,11,1.41,1,11.0
SH-103953,Shahid Hopkins,Consumer,10,3.18,1,10.0
AC-6602,Anna Chung,Consumer,10,0.75,1,10.0
AT-7351,Annie Thurman,Consumer,10,4.38,1,10.0
EB-38401,Ellis Ballard,Corporate,9,2.7,1,9.0
CM-22351,Chris McAfee,Consumer,8,-13.302,1,8.0
TS-115052,Tony Sayre,Consumer,8,-10.512,1,8.0
SS-101402,Saphhira Shifley,Corporate,7,2.52,1,7.0
DS-31802,David Smith,Corporate,7,-2.604,1,7.0
KM-62251,Kalyca Meade,Corporate,7,-17.115,1,7.0
ZC-119101,Zuschuss Carroll,Consumer,7,-15.567,1,7.0
TC-112953,Toby Carlisle,Consumer,6,-2.928,1,6.0
AS-2401,Alan Shonely,Consumer,5,1.44,1,5.0
TS-210854,Thais Sissman,Consumer,5,-3.3156,2,2.5
LD-168554,Lela Donovan,Corporate,5,0.4641,1,5.0
LP-70951,Liz Preis,Consumer,4,0.42,1,4.0
LH-70202,Lisa Hazard,Consumer,4,-2.748,1,4.0
BS-17552,Bruce Stewart,Consumer,3,-2.724,1,3.0
CK-22051,Chloris Kastensmidt,Consumer,3,-3.258,1,3.0
AH-1202,Adrian Hane,Home Office,2,-3.378,1,2.0
